Index, run_time
0,0.013901574537158012
1,0.006736757233738899
2,0.006853029131889343
3,0.00675063394010067
4,0.007599411532282829
