Index, run_time
0,1.1822813767939806
1,1.0314972549676895
2,1.1057070419192314
3,1.0769723746925592
4,1.0278277695178986
