Index, run_time
0,1.8398047778755426
1,1.3566310815513134
2,1.3332314267754555
3,1.37620067037642
4,1.3189813792705536
