Index, run_time
0,0.016139205545186996
1,0.007202140986919403
2,0.007136046886444092
3,0.008025068789720535
4,0.014024443924427032
