Index, run_time
1,7.598518570885062
2,6.585249368101358
3,7.629639251157641
4,6.8762411922216415
5,5.864261673763394
