Index, run_time
1,17.653016285970807
2,22.17720238864422
3,27.03695240058005
4,20.783716423437
5,24.42907423712313
