Index, run_time
1,7.088919822126627
2,6.586624352261424
3,6.371035939082503
4,7.271150480955839
5,6.343239028006792
