Index, run_time
0,0.04996118601411581
1,0.035459761042147875
2,0.03520805528387427
3,0.03451011795550585
4,0.03436422487720847
