Index, run_time
0,0.05951975006610155
1,0.20155063271522522
2,0.07196174701675773
3,0.15217938413843513
4,0.05634810123592615
