Index, run_time
0,0.050143221858888865
1,0.033360094763338566
2,0.03202206874266267
3,0.03153524734079838
4,0.031120121013373137
