Index, run_time
0,0.009404046926647425
1,0.008885824121534824
2,0.008038777858018875
3,0.007545771077275276
4,0.007440850138664246
