Index, run_time
0,0.008443207945674658
1,0.007633088156580925
2,0.007221481762826443
3,0.007100783754140139
4,0.007010598201304674
