Index, run_time
0,0.046944203320890665
1,0.05182328727096319
2,0.03514018515124917
3,0.04958284692838788
4,0.034372450318187475
