Index, run_time
0,0.014488022774457932
1,0.011107847094535828
2,0.015207130927592516
3,0.015797092113643885
4,0.008314001373946667
