Index, run_time
0,0.5038082879036665
1,0.2517901696264744
2,0.2247937098145485
3,0.39505161717534065
4,0.20797899179160595
