Index, run_time
0,0.007039779797196388
1,0.007024584338068962
2,0.007516603916883469
3,0.007448399439454079
4,0.007524712011218071
