Index, run_time
0,1619.0250224862248
1,354.8706657551229
2,324.2693047206849
3,356.02653154172003
4,333.6752514205873
5,341.78780956193805
