Index, run_time
0,468.437557015568
1,134.09869103506207
2,120.68546968512237
3,100.01426941715181
4,122.7625293880701
5,107.89629965089262
