Index, run_time
0,0.025519421324133873
1,0.008406249806284904
2,0.008185548707842827
3,0.008004100993275642
4,0.008184239268302917
5,0.008049655705690384
6,0.008080989122390747
7,0.008212355896830559
8,0.00828004814684391
9,0.00819895789027214
10,0.008291119709610939
11,0.008078144863247871
12,0.008265223354101181
13,0.008064033463597298
14,0.008176051080226898
15,0.008051212877035141
16,0.008416606113314629
17,0.00812319666147232
18,0.00835377536714077
19,0.007894132286310196
20,0.007939627394080162
21,0.007863754406571388
22,0.007972624152898788
23,0.008377129212021828
24,0.008048627525568008
25,0.00806649960577488
26,0.009156839922070503
27,0.008031005039811134
28,0.007979687303304672
0,0.018087955191731453
1,0.009987082332372665
2,0.009342757984995842
3,0.008891910314559937
4,0.008924368768930435
5,0.009417030960321426
6,0.008961616083979607
7,0.009235750883817673
8,0.009995527565479279
9,0.009029200300574303
10,0.009256338700652122
11,0.00958319753408432
12,0.011275744065642357
13,0.009358962997794151
14,0.015614086762070656
15,0.009336981922388077
16,0.009787151589989662
17,0.022661112248897552
18,0.009604077786207199
19,0.009455230087041855
20,0.01048504002392292
21,0.00912231020629406
22,0.009047094732522964
23,0.009316489100456238
24,0.010259142145514488
25,0.00959889404475689
26,0.00946841575205326
27,0.00943048857152462
28,0.00920361839234829
