Index, run_time
0,1.1724136602133512
1,1.2435829266905785
2,1.5621227696537971
3,1.1481625642627478
4,1.255624732002616
0,0.5796508993953466
1,0.40153651870787144
2,0.4150829538702965
3,0.412511495873332
4,0.4468443803489208
