Index, run_time
0,0.2545452378690243
1,0.3210679916664958
2,0.3546459870412946
