Index, run_time
0,0.013211041688919067
1,0.014674301259219646
2,0.007981916889548302
