Index, run_time
0,0.23635671008378267
1,0.21603217907249928
2,0.29206692706793547
