Index, run_time
0,0.010520294308662415
1,0.017776476219296455
2,0.023845593445003033
