Index, run_time
0,0.01712573692202568
1,0.04269110504537821
2,0.024995870888233185
