Index, run_time
0,0.38802146166563034
1,0.32607532758265734
2,0.4804946966469288
