Index, run_time
0,0.34479306172579527
1,0.38015634287148714
2,0.3920247480273247
