Index, run_time
0,0.007686271332204342
1,0.022791429422795773
2,0.022448538802564144
