Index, run_time
0,0.32914755027741194
1,0.3234793106094003
2,0.4100080821663141
