Index, run_time
0,0.02096966654062271
1,0.014121164567768574
2,0.013454441912472248
