Index, run_time
0,0.016430608928203583
1,0.0287253363057971
2,0.020825822837650776
