Index, run_time
0,0.0072120558470487595
1,0.013025783002376556
2,0.029719785787165165
