Index, run_time
0,0.010260630398988724
1,0.013101194985210896
2,0.022455070167779922
3,0.016063773073256016
4,0.01636697445064783
5,0.016557062976062298
6,0.014793366193771362
7,0.018450177274644375
8,0.016315683722496033
9,0.009540202096104622
10,0.029009811580181122
11,0.008890627883374691
12,0.009171141311526299
13,0.01857534795999527
14,0.0498982323333621
15,0.02412162721157074
16,0.01377387810498476
17,0.016608194448053837
18,0.017907491885125637
19,0.017640093341469765
20,0.023803293704986572
21,0.04062683880329132
22,0.010540107265114784
23,0.02447190321981907
24,0.010486003942787647
25,0.00988158117979765
26,0.011809280142188072
27,0.016538480296730995
28,0.008156717754900455
29,0.018442906439304352
30,0.026731304824352264
31,0.013788637705147266
32,0.027619238942861557
33,0.011941824108362198
34,0.01610670331865549
35,0.008963681757450104
36,0.015164080075919628
37,0.008776137605309486
38,0.017373432405292988
39,0.010754760354757309
40,0.01932600513100624
41,0.01507241278886795
42,0.008387371897697449
43,0.010430876165628433
44,0.027571236714720726
45,0.010295437648892403
46,0.01852971687912941
47,0.00971126090735197
48,0.02711186558008194
49,0.015599614940583706
50,0.010160926729440689
51,0.012342799454927444
52,0.02486915048211813
53,0.02426282037049532
54,0.01138809323310852
55,0.013072635978460312
56,0.01000116765499115
57,0.02733656857162714
58,0.011831997893750668
59,0.017269250005483627
60,0.012506145983934402
61,0.015805079601705074
62,0.01030181348323822
63,0.024871913716197014
64,0.02311421651393175
65,0.010907751508057117
66,0.012876328080892563
67,0.009520892053842545
68,0.014227156527340412
69,0.02621307037770748
70,0.009313738904893398
