Index, run_time
0,0.014541598036885262
1,0.015206263400614262
2,0.028589042834937572
3,0.008236914873123169
4,0.023976469412446022
5,0.025319191627204418
6,0.03771650977432728
7,0.017423000186681747
8,0.015515036880970001
9,0.021961414255201817
10,0.0112724918872118
11,0.01477904710918665
12,0.01592825911939144
13,0.016399207524955273
14,0.017577839083969593
15,0.01531656552106142
16,0.008162091486155987
17,0.009126022458076477
18,0.02827427349984646
19,0.00935265701264143
20,0.016259743832051754
21,0.0188512047752738
22,0.012001228518784046
23,0.01637861877679825
24,0.01644680928438902
25,0.008389703929424286
26,0.02604783046990633
27,0.010954379104077816
28,0.015114660374820232
29,0.012545603327453136
30,0.012957843951880932
31,0.02480748202651739
32,0.02434318233281374
33,0.009279033169150352
34,0.027307622134685516
35,0.01599700003862381
36,0.01905967202037573
37,0.03410464897751808
38,0.0174601711332798
39,0.028922141529619694
40,0.019829503260552883
41,0.032058894634246826
42,0.00800173170864582
43,0.011944464407861233
44,0.008291956968605518
45,0.02435325551778078
46,0.01838910300284624
47,0.009085732512176037
48,0.025317071937024593
49,0.013670211657881737
50,0.008134942501783371
51,0.027318264357745647
52,0.011314593255519867
53,0.016960980370640755
54,0.016226627863943577
55,0.017111903987824917
56,0.00922505185008049
57,0.03189479559659958
58,0.025997018441557884
59,0.05508285854011774
60,0.0402085967361927
61,0.013967675156891346
62,0.008543617092072964
63,0.015820739790797234
64,0.02517575118690729
65,0.01326877810060978
66,0.01661132462322712
67,0.026021230034530163
68,0.008951892144978046
69,0.015071905218064785
70,0.02644247282296419
