Index, run_time
0,0.023539296351373196
1,0.016988948918879032
2,0.05607315804809332
3,0.0076489681378006935
4,0.009982413612306118
5,0.024486616253852844
6,0.025010918267071247
7,0.022884704172611237
8,0.015774059109389782
9,0.015846417285501957
10,0.03417846467345953
11,0.029203282669186592
12,0.014552523382008076
13,0.01525779440999031
14,0.02453742828220129
15,0.0489532258361578
16,0.013984343968331814
17,0.02757163532078266
18,0.027057340368628502
19,0.02087308280169964
20,0.02890410739928484
21,0.01162340771406889
22,0.04048729222267866
23,0.036066035740077496
24,0.012168562039732933
25,0.016186684370040894
26,0.024413971230387688
27,0.035396293736994267
28,0.01361120119690895
29,0.019743709824979305
30,0.015971274115145206
31,0.011267363093793392
32,0.024414879269897938
33,0.019460267387330532
34,0.010997091419994831
35,0.02552669867873192
36,0.012533225119113922
37,0.022536753676831722
38,0.01441943645477295
39,0.00991052482277155
40,0.012195915915071964
41,0.013343686237931252
42,0.0227044764906168
43,0.030229855328798294
44,0.02582197729498148
45,0.016281243413686752
46,0.019025400280952454
47,0.018416430801153183
48,0.00919805746525526
49,0.0485539585351944
50,0.021624053828418255
51,0.03225295338779688
52,0.010463877581059933
53,0.015055826865136623
54,0.02351061161607504
55,0.012736748903989792
56,0.01983951497823
57,0.009761269204318523
58,0.028625654987990856
59,0.011787653900682926
60,0.018202305771410465
61,0.008737063966691494
62,0.025980370119214058
63,0.008878001943230629
64,0.015804413706064224
65,0.015007860958576202
66,0.01592347025871277
67,0.0261891083791852
68,0.020653128623962402
69,0.008045826107263565
70,0.011177357286214828
