Index, run_time
0,31.38233389146626
1,8.057173045352101
2,9.416268615052104
3,4.910548187792301
4,5.75963993743062
5,5.392486011609435
