Index, run_time
0,10.266608929261565
1,11.700902834534645
2,10.99488620646298
3,14.95973700657487
4,25.84749504737556
5,24.85667784139514
