Index, run_time
0,1.7648626752197742
1,1.2345875725150108
2,1.2843319289386272
3,1.2172366082668304
4,1.4890918359160423
