Index, run_time
0,0.013497209176421165
1,0.007189562544226646
2,0.007202286273241043
3,0.007119724527001381
4,0.007109193131327629
