Index, run_time
0,1.3392867594957352
1,1.4101131781935692
2,1.1298354882746935
3,1.1533577777445316
4,1.157912902534008
0,0.44372284784913063
1,0.34074212796986103
2,0.32718474604189396
3,0.3380428571254015
4,0.33740643598139286
