Index, run_time
0,0.01870577782392502
1,0.007996059954166412
2,0.007721129804849625
3,0.00765690952539444
4,0.007805939763784409
0,0.009091589599847794
1,0.007412344217300415
2,0.007565796375274658
3,0.007395386695861816
4,0.007324766367673874
