Index, run_time
0,7.6407410800457
1,5.491009162738919
2,4.301844067871571
3,4.513563398271799
4,3.6169156432151794
0,1.8561425916850567
1,0.543525218963623
2,0.45808762684464455
3,1.8756897766143084
4,1.9724737387150526
