Index, run_time
0,249.731103931088
1,454.77649677312
2,703.608961973805
3,937.7651405916549
4,1581.2186999828555
