Index, run_time
0,201.02713084965944
1,238.6630119420588
2,451.38482038490474
3,703.3248860985041
4,768.3839089106768
5,830.1256792526692
