Index, run_time
0,47.85514563508332
1,9.602671209722757
2,9.902408391237259
3,10.262311678379774
4,9.636098235845566
5,9.6077960152179
