Index, run_time
0,0.01763809472322464
1,0.04282615706324577
2,0.045677611604332924
3,0.027606261894106865
4,0.01686965674161911
5,0.023702915757894516
6,0.024740763008594513
7,0.05626184307038784
8,0.03129993565380573
9,0.02496889978647232
10,0.027365732938051224
11,0.03289553336799145
12,0.03424886800348759
13,0.02895444445312023
14,0.01975751854479313
15,0.035774948075413704
16,0.0300246924161911
17,0.027798578143119812
18,0.02966609224677086
19,0.03041059523820877
20,0.007109351456165314
21,0.021387657150626183
22,0.029506908729672432
23,0.029336292296648026
24,0.0951974093914032
25,0.07986504025757313
26,0.09765361435711384
27,0.07606644183397293
28,0.07163084298372269
29,0.08764619752764702
30,0.08999141678214073
31,0.07345020398497581
32,0.06600214168429375
33,0.07066453993320465
34,0.07113445550203323
35,0.07697881571948528
36,0.07054378464818001
37,0.0705140084028244
38,0.07207677885890007
39,0.09449531883001328
40,0.07401050627231598
41,0.07984952442348003
42,0.0803422350436449
43,0.0879550650715828
44,0.06663621589541435
45,0.0691431351006031
46,0.028253624215722084
47,0.010519137606024742
48,0.005215579643845558
49,0.08781415224075317
50,0.10399389266967773
51,0.0914579201489687
52,0.0464080385863781
53,0.08952420763671398
54,0.08670465648174286
55,0.09296628087759018
56,0.09303089044988155
57,0.07907981798052788
58,0.048455895856022835
59,0.07920100539922714
60,0.0776566881686449
61,0.018112191930413246
62,0.014376653358340263
63,0.0052706412971019745
