Index, run_time
0,0.25181762874126434
1,0.23820650950074196
2,0.3964486289769411
3,0.21351750381290913
4,0.24236775934696198
