Index, run_time
0,0.007869211956858635
1,0.007655806839466095
2,0.007825111970305443
3,0.007700201123952866
4,0.0081512201577425
