Index, run_time
1,22.895707676187158
2,27.382907208055258
3,27.956752594560385
4,40.92509451135993
5,39.362878408282995
