Index, run_time
1,10.405219543725252
2,8.930918527767062
3,10.855775093659759
4,12.099754935130477
5,12.13034838438034
