Index, run_time
0,602.9815058074892
1,721.8047852106392
2,1294.9485771395266
3,1289.4885361287743
4,1484.8325823862106
5,1647.0310457777232
