Index, run_time
0,64.9568652883172
1,11.005430340766907
2,15.341832445934415
3,11.058132072910666
4,13.568361274898052
5,10.390213169157505
