Index, run_time
0,5.044725760817528
1,3.761671043932438
2,4.812550054863095
3,3.728465735912323
4,4.98419569991529
