Index, run_time
0,411.7091967817396
1,662.8716017627157
2,822.9149150340818
3,1570.1749005420133
4,1501.5284070898779
