Index, run_time
0,54.47958532022312
1,49.23842008272186
2,49.11426642909646
3,59.48875665385276
4,40.34605627693236
