Index, run_time
0,1.3986932933330536
1,1.4406023770570755
2,1.0889336727559566
3,1.0457255747169256
4,0.898172615095973
0,0.47643400728702545
1,0.3388232793658972
2,0.3379232659935951
3,0.33787119574844837
4,0.33134049735963345
