Index, run_time
0,0.013768285512924194
1,0.006848616525530815
2,0.007037054747343063
3,0.006843313574790955
4,0.006897585466504097
0,0.00850280374288559
1,0.006707595661282539
2,0.006737163290381432
3,0.006704302504658699
4,0.006720159202814102
