Index, run_time
1,49.446011297404766
2,41.41743283160031
3,35.9798727594316
4,37.17551287263632
