Index, run_time
1,30.660342356190085
2,43.37503044679761
3,57.40984020754695
4,62.29008303955197
