Index, run_time
0,0.020948386751115322
1,0.039861044846475124
2,0.02056092955172062
3,0.01575302518904209
4,0.01562691293656826
5,0.015385039150714874
6,0.018566281534731388
7,0.025922566652297974
8,0.017664967104792595
9,0.030607065185904503
10,0.02561143785715103
11,0.027232001535594463
12,0.01205459889024496
13,0.029496509581804276
14,0.02754788938909769
15,0.015428188256919384
16,0.020781025290489197
17,0.023203372955322266
18,0.025681104511022568
19,0.008909477852284908
20,0.018585135228931904
21,0.016479703597724438
22,0.014814801514148712
23,0.027548687532544136
24,0.024859707802534103
25,0.008487951010465622
26,0.021659270860254765
27,0.01748174149543047
28,0.015070181339979172
29,0.029870455153286457
30,0.015140684321522713
31,0.01796806324273348
32,0.009038567543029785
33,0.02537890337407589
34,0.021691438741981983
35,0.014736420474946499
36,0.016483084298670292
37,0.012789038941264153
38,0.015499458648264408
39,0.014709439128637314
40,0.008226847276091576
41,0.02837676089257002
42,0.01708050724118948
43,0.027814491651952267
44,0.009605503641068935
45,0.024945980869233608
46,0.019268871285021305
47,0.03199583198875189
48,0.013280966319143772
49,0.009221804328262806
50,0.010001354850828648
51,0.009831606410443783
52,0.010055064223706722
53,0.010296951979398727
54,0.014415726996958256
55,0.01509843673557043
56,0.008926767855882645
57,0.01785021834075451
58,0.020095814019441605
59,0.010825175791978836
60,0.011357047595083714
61,0.020345861092209816
62,0.008757374249398708
63,0.010303295217454433
64,0.009420388378202915
65,0.026235458441078663
66,0.015575013123452663
67,0.009650010615587234
68,0.010067561641335487
69,0.017158799804747105
