Index, run_time
0,83.33496085600927
1,22.051990357227623
2,21.805994707159698
3,22.478611605241895
4,22.8742033126764
5,26.146001362707466
