Index, run_time
0,898.8990321750753
1,66.12972500408068
2,23.49123895028606
3,20.94778661802411
4,24.220640868879855
5,22.308246199972928
