Index, run_time
0,0.33047407306730747
1,0.13349293917417526
2,0.16001982241868973
3,0.16061610728502274
4,0.1882792692631483
