Index, run_time
0,0.21591979265213013
1,0.13725391030311584
2,0.16396349295973778
3,0.1543753333389759
4,0.2178455088287592
