Index, run_time
0,0.014487601816654205
1,0.007833514362573624
2,0.04135657660663128
3,0.029856491833925247
4,0.007861455902457237
