Index, run_time
0,0.010063579306006432
1,0.007448570802807808
2,0.007070809602737427
3,0.007073123008012772
4,0.006982307881116867
