Index, run_time
0,0.008737489581108093
1,0.009325522929430008
2,0.023822227492928505
3,0.008415091782808304
4,0.008218122646212578
