Index, run_time
0,0.029584120959043503
1,0.037546431645751
2,0.010524436831474304
3,0.013187075033783913
4,0.010825078934431076
