Index, run_time
0,0.02663530968129635
1,0.027321992442011833
2,0.02552083134651184
3,0.02664131671190262
4,0.02805352210998535
