Index, run_time
0,0.014959368854761124
1,0.009727591648697853
2,0.00674002431333065
3,0.042212238535284996
4,0.009596887975931168
