Index, run_time
0,0.011576032266020775
1,0.005920549854636192
2,0.013091621920466423
3,0.017241504043340683
4,0.00813688151538372
