Index, run_time
0,0.009295091032981873
1,0.008952610194683075
2,0.008163144811987877
3,0.007603958249092102
4,0.008322350680828094
