Index, run_time
0,0.006517639383673668
1,0.006180504336953163
2,0.006693551316857338
3,0.008387573063373566
4,0.0072593241930007935
