Index, run_time
1,273.09105267748237
2,317.1355785392225
3,374.4856036286801
4,415.12433647736907
5,463.7815538216382
