Index, run_time
0,0.009186109062284231
1,0.007918520830571651
2,0.007578616961836815
3,0.007723805028945208
4,0.007679351139813662
