Index, run_time
0,0.013106993865221739
1,0.007889428175985813
2,0.007659183815121651
3,0.007637192960828543
4,0.007551114074885845
