Index, run_time
0,0.011281806975603104
1,0.00875095697119832
2,0.008331298828125
3,0.008251802995800972
4,0.007958266884088516
