Index, run_time
0,0.06802228325977921
1,0.04497977485880256
2,0.04152713669463992
3,0.0477999378927052
4,0.044927896931767464
