Index, run_time
0,3.3217656379565597
1,2.859193765092641
2,2.4441620400175452
3,2.5502790277823806
4,2.6591002461500466
