Index, run_time
0,1031.9955558516085
1,1600.8074843604118
2,1393.0582209359854
3,1588.0383637994528
4,1817.86556590721
5,2159.455670280382
