Index, run_time
0,904.2176802624017
1,181.31301308050752
2,184.6312072724104
3,182.34019214101136
4,180.54073787480593
5,181.4965172186494

