Index, run_time
0,52.352567633613944
1,17.008575161918998
2,10.238343872129917
3,10.161470834165812
4,10.488653158769011
5,12.777594670653343
