Index, run_time
0,0.06343124061822891
1,0.032421695068478584
2,0.04723689705133438
3,0.03685581311583519
4,0.02876751497387886
5,0.015025127679109573
6,0.02419557236135006
7,0.0089950542896986
8,0.020036417990922928
9,0.017101792618632317
10,0.015397598966956139
11,0.0348863210529089
12,0.006462819874286652
13,0.006130030378699303
14,0.005721978843212128
15,0.004825364798307419
16,0.0047355033457279205
17,0.005154764279723167
18,0.005526311695575714
19,0.011273622512817383
20,0.006233930587768555
21,0.004444710910320282
22,0.007633144035935402
23,0.004902733489871025
24,0.0044584721326828
25,0.005356837064027786
26,0.006273506209254265
27,0.005675250664353371
28,0.004225041717290878
29,0.005933281034231186
30,0.0043548718094825745
31,0.006083926185965538
32,0.00665675662457943
33,0.0037954170256853104
34,0.006672007963061333
35,0.005371123552322388
36,0.004293816164135933
37,0.00530611164867878
38,0.00484096072614193
39,0.00574839860200882
40,0.020707014948129654
41,0.0057931821793317795
42,0.005314396694302559
43,0.009220248088240623
44,0.006220970302820206
45,0.005105990916490555
46,0.005839552730321884
47,0.007452612742781639
48,0.005601521581411362
49,0.005304314196109772
50,0.0036939717829227448
51,0.021281253546476364
52,0.004796752706170082
53,0.013922583311796188
54,0.005658671259880066
55,0.005106700584292412
56,0.005234753713011742
57,0.005240090191364288
58,0.012866627424955368
59,0.005741406232118607
60,0.005138907581567764
61,0.01536295935511589
62,0.005639253184199333
63,0.005217289552092552
64,0.004566570743918419
