Index, run_time
0,0.0076150428503751755
1,0.007538370788097382
2,0.0077711232006549835
3,0.007127638906240463
4,0.007201772183179855
