Index, run_time
0,0.021994657814502716
1,0.007100772112607956
2,0.008250400424003601
3,0.007240554317831993
4,0.007041679695248604
