Index, run_time
0,0.0072392914444208145
1,0.0079293642193079
2,0.007277904078364372
3,0.007421301677823067
4,0.05746154487133026
