Index, run_time
0,0.23832921124994755
1,0.2449303437024355
2,0.12141587771475315
3,0.23037838749587536
4,0.38715196400880814
