Index, run_time
0,0.6222061607986689
1,0.3895396739244461
2,0.15845108032226562
3,0.41571255400776863
4,0.2732454091310501
