Index, run_time
0,0.17247600480914116
1,0.3829517010599375
2,0.174875408411026
3,0.26728032529354095
4,0.11324385553598404
