Index, run_time
0,0.04145975364372134
1,0.03641552617773414
2,0.038859732914716005
3,0.046746186912059784
4,0.040335933212190866
5,0.03932267287746072
6,0.03822872135788202
7,0.03685922920703888
8,0.0362317799590528
9,0.03777544992044568
10,0.03665023809298873
11,0.03638527309522033
12,0.03656618623062968
13,0.035099154338240623
14,0.036550245713442564
15,0.036130046006292105
16,0.03644881770014763
17,0.035719865933060646
18,0.032978749834001064
19,0.03314380208030343
20,0.03235162794589996
21,0.0328610073775053
22,0.0369740161113441
23,0.03422452695667744
24,0.03763893386349082
25,0.05978774093091488
26,0.09330623410642147
27,0.08468090509995818
28,0.08712788112461567
29,0.07822342403233051
30,0.07758100284263492
31,0.0627542519941926
32,0.0883049238473177
33,0.08633056003600359
34,0.03583467472344637
35,0.08472055802121758
36,0.03819149825721979
37,0.0431205234490335
38,0.05405450100079179
39,0.03736122138798237
40,0.03676755307242274
41,0.04283395875245333
42,0.04360705194994807
43,0.03238953137770295
44,0.04841564502567053
45,0.04074882296845317
46,0.034686071798205376
47,0.03614255506545305
48,0.03494318388402462
49,0.037511141039431095
50,0.03621611883863807
51,0.03911503590643406
52,0.03660430759191513
53,0.037728498224169016
54,0.041006694082170725
55,0.05491912504658103
56,0.04481540992856026
57,0.06753943907096982
58,0.05942660104483366
59,0.03831030707806349
60,0.058449466712772846
61,0.06585385883226991
62,0.0980092310346663
63,0.05886911600828171
64,0.0628363867290318
