Index, run_time
0,0.014699116349220276
1,0.008372712880373001
2,0.008044993039220572
3,0.008199258707463741
4,0.008180466014891863
