Index, run_time
0,0.12247136048972607
1,0.03496849350631237
2,0.032166993245482445
3,0.03538043983280659
4,0.02848176285624504
