Index, run_time
0,0.04799797758460045
1,0.0530578400939703
2,0.03738623857498169
3,0.04547887668013573
4,0.03688274510204792
