Index, run_time
0,0.008934207260608673
1,0.00826863944530487
2,0.013122452422976494
3,0.008957913145422935
4,0.013610472902655602
