Index, run_time
0,0.0599791444838047
1,0.04316912405192852
2,0.03719830699265003
3,0.028941351920366287
4,0.03590522147715092
