Index, run_time
0,0.013442585244774818
1,0.00883469358086586
2,0.00818265788257122
3,0.007787477225065231
4,0.013065576553344727
