Index, run_time
0,0.04236430302262306
1,0.04304357059299946
2,0.04356795735657215
3,0.0381415169686079
4,0.043665746226906776
