Index, run_time
0,0.010285729542374611
1,0.008297957479953766
2,0.008756984025239944
3,0.008414577692747116
4,0.008584855124354362
