Index, run_time
0,0.1059571374207735
1,0.13350999355316162
2,0.14158742874860764
3,0.20874333381652832
4,0.14716999977827072
