Index, run_time
0,0.009088782127946615
1,0.008867434691637754
2,0.007928121834993362
3,0.01139182923361659
4,0.007857246324419975
