Index, run_time
0,0.04642904317006469
1,0.0362505461089313
2,0.03596869995817542
3,0.06881652818992734
4,0.03256865032017231
