Index, run_time
0,0.04971765726804733
1,0.0360137359239161
2,0.038221863098442554
3,0.038137203082442284
4,0.048024462070316076
