Index, run_time
0,0.013704344164580107
1,0.008838949259370565
2,0.007810900919139385
3,0.007712464779615402
4,0.007612687069922686
