Index, run_time
0,0.008739492855966091
1,0.008186593651771545
2,0.007699869107455015
3,0.007664118893444538
4,0.007946019060909748
