Index, run_time
0,0.06277088075876236
1,0.03519070288166404
2,0.053048064932227135
3,0.036846069153398275
4,0.03422453999519348
