Index, run_time
0,0.058375981636345387
1,0.01133008860051632
2,0.013638656586408615
3,0.014016999863088131
4,0.006859177723526955
5,0.009078564122319221
6,0.012991131283342838
7,0.013859016820788383
8,0.008647074922919273
9,0.01415591686964035
10,0.013860749080777168
11,0.01392855029553175
12,0.01410957332700491
13,0.006858129985630512
14,0.02261366043239832
