Index, run_time
0,0.013355606235563755
1,0.014418900944292545
2,0.035262818448245525
3,0.030032046139240265
4,0.014211311936378479
5,0.006518052890896797
6,0.006257559172809124
7,0.014696953818202019
8,0.03335017058998346
9,0.022097796201705933
10,0.035662795417010784
11,0.013449431397020817
12,0.0066328514367341995
13,0.0255042752251029
14,0.020625713281333447
