Index, run_time
0,0.01217877771705389
1,0.02615996077656746
2,0.009279225021600723
3,0.013648894615471363
4,0.023200380615890026
5,0.024326089769601822
6,0.022194174118340015
7,0.006811466068029404
8,0.013059152290225029
9,0.02273156400769949
10,0.03672854136675596
11,0.03160853683948517
12,0.01327264029532671
13,0.012982400134205818
14,0.008860062807798386
