Index, run_time
0,0.03935245890170336
1,0.045488299801945686
2,0.054369387216866016
3,0.0273452615365386
4,0.04490021429955959
5,0.029320773668587208
6,0.028197556734085083
7,0.030852843075990677
8,0.02756781317293644
9,0.02486233599483967
10,0.04537013079971075
11,0.036304179579019547
12,0.038570928387343884
13,0.022118594497442245
14,0.015586070716381073
