Index, run_time
0,0.041852219961583614
1,0.028879347257316113
2,0.0179651053622365
3,0.02620036154985428
4,0.022835991345345974
5,0.021372881717979908
6,0.03579266555607319
7,0.012967740185558796
8,0.021746688522398472
9,0.027692006900906563
10,0.01516974251717329
11,0.016913825646042824
12,0.03707766067236662
13,0.026257234625518322
14,0.019108465872704983
