Index, run_time
0,0.05024611297994852
1,0.02751380205154419
2,0.027873579412698746
3,0.05162517540156841
4,0.0252000130712986
5,0.0226797703653574
6,0.04266054928302765
7,0.013691345229744911
8,0.020351105369627476
9,0.033815656788647175
10,0.015965521335601807
11,0.01751735433936119
12,0.04112086072564125
13,0.030155543237924576
14,0.022952468134462833
