Index, run_time
0,0.07584433164447546
1,0.03414547257125378
2,0.02284887060523033
3,0.0356814693659544
4,0.03066534735262394
5,0.026447043754160404
6,0.05297098960727453
7,0.017070443369448185
8,0.02561955712735653
9,0.040660010650753975
10,0.021356528624892235
11,0.024024962447583675
12,0.05338655039668083
13,0.035025475546717644
14,0.026263363659381866
