Index, run_time
0,0.012530723586678505
1,0.02597481571137905
2,0.009464357048273087
3,0.006361949257552624
4,0.014242789708077908
5,0.017421272583305836
6,0.007272408343851566
7,0.013340497389435768
8,0.013862929306924343
9,0.013891221955418587
10,0.009571785107254982
11,0.008770428597927094
12,0.023465522564947605
13,0.0166774969547987
14,0.0064596449956297874
