Index, run_time
0,0.04167976323515177
1,0.03561989776790142
2,0.02167339250445366
3,0.03327975980937481
4,0.044762615114450455
5,0.03386503644287586
6,0.02811601385474205
7,0.03394447732716799
8,0.049898684956133366
9,0.03280494920909405
10,0.024330344051122665
11,0.037093586288392544
12,0.033387877978384495
13,0.015949832275509834
14,0.03984794672578573
