Index, run_time
0,0.05336200352758169
1,0.04866797011345625
2,0.028964425437152386
3,0.021609333343803883
4,0.016736012883484364
5,0.016058309003710747
6,0.027716992422938347
7,0.012516164220869541
8,0.04718783404678106
9,0.015450527891516685
10,0.025954822078347206
11,0.03689478896558285
12,0.03431435767561197
13,0.04131256230175495
14,0.031704485416412354
