Index, run_time
0,0.17858019936829805
1,0.057660045102238655
2,0.03601866867393255
3,0.0728106377646327
4,0.14436081890016794
5,0.11182642355561256
6,0.17486858367919922
7,0.07949467748403549
8,0.09121914301067591
9,0.1289507132023573
10,0.06629759352654219
11,0.09255764540284872
12,0.2679342580959201
13,0.035550824366509914
14,0.024703374132514
