Index, run_time
0,0.0403274605050683
1,0.05750792473554611
2,0.04116730112582445
3,0.041706109419465065
4,0.02871026284992695
5,0.022305285558104515
6,0.04216740373522043
7,0.014210107736289501
8,0.019961431622505188
9,0.029866814613342285
10,0.01626234222203493
11,0.018151448108255863
12,0.04132969118654728
13,0.02832640800625086
14,0.0210345396772027
