Index, run_time
0,0.018344484269618988
1,0.01441110111773014
2,0.013182230293750763
3,0.025829077698290348
4,0.009030534885823727
5,0.016345343552529812
6,0.025782035663723946
7,0.019195017404854298
8,0.051769460551440716
9,0.058753546327352524
10,0.030418570153415203
11,0.007690130732953548
12,0.007196948863565922
13,0.014195079915225506
14,0.007308552972972393
