Index, run_time
0,0.023606610484421253
1,0.013623864389955997
2,0.015001065097749233
3,0.022901471704244614
4,0.014781161211431026
5,0.009955940768122673
6,0.006256610155105591
7,0.023253141902387142
8,0.022307981736958027
9,0.02384578250348568
10,0.006997895427048206
11,0.006580851972103119
12,0.013342585414648056
13,0.023383223451673985
14,0.006652500480413437
