Index, run_time
0,0.04249022528529167
1,0.029369140043854713
2,0.019449392333626747
3,0.02800713386386633
4,0.024272694252431393
5,0.02626766823232174
6,0.04151415918022394
7,0.01468364242464304
8,0.021224397234618664
9,0.0322878435254097
10,0.01682701427489519
11,0.017859638668596745
12,0.049602506682276726
13,0.0294759264215827
14,0.02237345650792122
