Index, run_time
0,0.013996205292642117
1,0.01456299889832735
2,0.007636616006493568
3,0.023402482271194458
4,0.023905177600681782
5,0.02315262984484434
6,0.006820091046392918
7,0.006335367448627949
8,0.023514723405241966
9,0.023527001962065697
10,0.023549189791083336
11,0.006644288077950478
12,0.006353500299155712
13,0.015906191430985928
14,0.012636132538318634
