Index, run_time
0,0.01673074997961521
1,0.008411137387156487
2,0.006865343078970909
3,0.02076189499348402
4,0.014661816880106926
5,0.013939517550170422
6,0.014251954853534698
7,0.010930707678198814
8,0.006159869953989983
9,0.02242900710552931
10,0.023261050693690777
11,0.01631799153983593
12,0.007584212347865105
13,0.02291059959679842
14,0.025681527331471443
