Index, run_time
0,0.06782383564859629
1,0.014743495732545853
2,0.02490252535790205
3,0.04743155650794506
4,0.04445325117558241
5,0.036939579993486404
6,0.030931987799704075
7,0.017160406336188316
8,0.03478546813130379
9,0.03654416836798191
10,0.03449896536767483
11,0.039473594166338444
12,0.014743869192898273
13,0.02390533685684204
14,0.031015262007713318
