Index, run_time
0,0.015485033392906189
1,0.012434479780495167
2,0.013732572086155415
3,0.006720033474266529
4,0.007434203289449215
5,0.02496059238910675
6,0.02318775374442339
7,0.006303777918219566
8,0.0060178907588124275
9,0.014367613010108471
10,0.013496366329491138
11,0.014142224565148354
12,0.013712401501834393
13,0.006799208000302315
14,0.014738827012479305
