Index, run_time
0,0.01193985715508461
1,0.024325004778802395
2,0.01356479525566101
3,0.00643672700971365
4,0.01322597824037075
5,0.024497680366039276
6,0.013317005708813667
7,0.01289620902389288
8,0.013423783704638481
9,0.019376310519874096
10,0.013303413987159729
11,0.013896544463932514
12,0.013117597438395023
13,0.016257962211966515
14,0.024062303826212883
