Index, run_time
0,0.06618373561650515
1,0.04290863312780857
2,0.02686419617384672
3,0.035627931356430054
4,0.05293521098792553
5,0.023867450654506683
6,0.016536775045096874
7,0.021122985519468784
8,0.04317068960517645
9,0.053833563812077045
10,0.019952637143433094
11,0.050110893324017525
12,0.02530008088797331
13,0.04865398816764355
14,0.026174446567893028
