Index, run_time
0,0.03470450360327959
1,0.02520637772977352
2,0.02664789278060198
3,0.03465938102453947
4,0.0335962837561965
5,0.025708786211907864
6,0.037505608052015305
7,0.026579851284623146
8,0.02694174088537693
9,0.013274149969220161
10,0.013927237130701542
11,0.018832698464393616
12,0.027964862063527107
13,0.02522815763950348
14,0.01946820504963398
