Index, run_time
0,0.04939718823879957
1,0.041165104135870934
2,0.020495839416980743
3,0.035678090527653694
4,0.02813265472650528
5,0.024971988052129745
6,0.049446565099060535
7,0.01647268421947956
8,0.023512679152190685
9,0.03596050851047039
10,0.018117179162800312
11,0.019845642149448395
12,0.12432874273508787
13,0.03704170510172844
14,0.025840449146926403
