Index, run_time
0,0.05025513842701912
1,0.033011943101882935
2,0.048419647850096226
3,0.039867740124464035
4,0.05189279746264219
5,0.036234673112630844
6,0.020042037591338158
7,0.05423519667237997
8,0.06953952927142382
9,0.1355573982000351
10,0.14182612113654613
11,0.021390066482126713
12,0.05211489927023649
13,0.04322397615760565
14,0.02852262184023857
