Index, run_time
0,0.03266820311546326
1,0.028215880505740643
2,0.015139897353947163
3,0.00992661900818348
4,0.025448976084589958
5,0.016062557697296143
6,0.013653392903506756
7,0.03365810588002205
8,0.029631835408508778
9,0.023825423792004585
10,0.0069174738600850105
11,0.006313657388091087
12,0.014683913439512253
13,0.034418207593262196
14,0.022208147682249546
