Index, run_time
0,0.01438627764582634
1,0.030121115036308765
2,0.025029133073985577
3,0.006519503891468048
4,0.012712103314697742
5,0.026432127691805363
6,0.01357399020344019
7,0.006625794805586338
8,0.014214138500392437
9,0.013641143217682838
10,0.0140807731077075
11,0.02573319897055626
12,0.012748007662594318
13,0.010060932487249374
14,0.013347466476261616
