Index, run_time
0,0.025210164487361908
1,0.02278827503323555
2,0.02071042824536562
3,0.022010039538145065
4,0.02433569636195898
5,0.007607080042362213
6,0.006439805030822754
7,0.035388628020882607
8,0.031029660254716873
9,0.03681839257478714
10,0.01082218810915947
11,0.005993641912937164
12,0.006097143515944481
13,0.021026075817644596
14,0.02224990352988243
