Index, run_time
0,0.04859193880110979
1,0.038177804090082645
2,0.020996369421482086
3,0.03469184320420027
4,0.029958677478134632
5,0.025408576242625713
6,0.047211287543177605
7,0.015622823499143124
8,0.023004713468253613
9,0.04107391554862261
10,0.018780814483761787
11,0.02990277111530304
12,0.050834993831813335
13,0.03348565008491278
14,0.024370631203055382
