Index, run_time
0,0.025426127947866917
1,0.026518207043409348
2,0.04921326693147421
3,0.025643886998295784
4,0.017054959200322628
5,0.0382083710283041
6,0.01434145774692297
7,0.02360709197819233
8,0.03200830705463886
9,0.034230466932058334
10,0.01132673118263483
11,0.04123229533433914
12,0.03575022891163826
13,0.041055467911064625
14,0.014850035309791565
