Index, run_time
0,0.03313389606773853
1,0.02269824780523777
2,0.024526923894882202
3,0.014000565744936466
4,0.014371664263308048
5,0.022454194724559784
6,0.025154232047498226
7,0.006484418176114559
8,0.006235672160983086
9,0.02330621238797903
10,0.03272730205208063
11,0.024802191182971
12,0.0065622832626104355
13,0.008896304294466972
14,0.017520103603601456
