Index, run_time
0,0.052524336613714695
1,0.03172103315591812
2,0.02282104268670082
3,0.02364289853721857
4,0.041726818308234215
5,0.039347875863313675
6,0.01882484182715416
7,0.024791100062429905
8,0.04595564119517803
9,0.03994431532919407
10,0.03582792356610298
11,0.026944344863295555
12,0.050713976845145226
13,0.04989207908511162
14,0.026335537433624268
