Index, run_time
0,0.025732405483722687
1,0.013226557523012161
2,0.03754271287471056
3,0.016380186192691326
4,0.02434699982404709
5,0.007245662622153759
6,0.007011775858700275
7,0.02627227082848549
8,0.021812370978295803
9,0.01326492615044117
10,0.009184855036437511
11,0.014605321921408176
12,0.0129036670550704
13,0.013931935653090477
14,0.018801040947437286
