Index, run_time
0,0.04683593101799488
1,0.029461433179676533
2,0.01931488048285246
3,0.03135124873369932
4,0.02753145433962345
5,0.025596795603632927
6,0.046220055781304836
7,0.015335903503000736
8,0.02224079519510269
9,0.03238164819777012
10,0.017185645177960396
11,0.025286118499934673
12,0.0475505031645298
13,0.033357021398842335
14,0.024339282885193825
