Index, run_time
0,0.040222929790616035
1,0.02741596009582281
2,0.022479508072137833
3,0.027732749469578266
4,0.024825332686305046
5,0.021935374476015568
6,0.04070129990577698
7,0.013980166055262089
8,0.01903657615184784
9,0.029663773253560066
10,0.016688482835888863
11,0.017892219126224518
12,0.04057383071631193
13,0.029220428317785263
14,0.021901062689721584
