Index, run_time
0,10.884509772062302
1,14.195325016975403
2,12.43135442584753
3,23.163388578221202
4,25.217088397592306
5,26.98911397717893
