Index, run_time
0,3.296683743596077
1,2.946736704558134
2,1.9984949585050344
3,2.7856093049049377
4,1.1834120601415634
5,2.8190658669918776
