Index, run_time
0,2.230556887574494
1,0.6701206569559872
2,0.651821720879525
3,0.7389946975745261
4,0.812324563972652
5,0.7651865002699196
