Index, run_time
0,16.000051374081522
1,0.8636997458525002
2,0.7966367108747363
3,0.8265238278545439
4,0.7771774572320282
5,0.864428989123553
