Index, run_time
0,0.0399057324975729
1,0.008248357102274895
2,0.00802537240087986
3,0.008000293746590614
4,0.007993364706635475
5,0.008041124790906906
6,0.007767044007778168
7,0.008274586871266365
8,0.008395630866289139
9,0.00790785625576973
10,0.008078198879957199
11,0.007870711386203766
12,0.008182434365153313
13,0.008059659972786903
14,0.00811971165239811
15,0.007812904193997383
16,0.007863644510507584
17,0.00832480750977993
18,0.007767127826809883
19,0.007951349020004272
20,0.008001800626516342
21,0.00791730172932148
22,0.008188635110855103
23,0.007818225771188736
24,0.007861349731683731
25,0.007887635380029678
26,0.007804142311215401
27,0.00797593779861927
28,0.008021088317036629
29,0.007914828136563301
0,0.18874168395996094
1,0.008501257747411728
2,0.007692502811551094
3,0.040322110056877136
4,0.007940035313367844
5,0.007998615503311157
6,0.00762050598859787
7,0.007706733420491219
8,0.008319880813360214
9,0.0076633598655462265
10,0.008171888068318367
11,0.008017787709832191
12,0.00790579617023468
13,0.008426586166024208
14,0.00827627070248127
15,0.00782105140388012
16,0.008087599650025368
17,0.00849752314388752
18,0.008877644315361977
19,0.007798397913575172
20,0.007885320112109184
21,0.007600836455821991
22,0.008191311731934547
23,0.007788943126797676
24,0.007822668179869652
25,0.007956244051456451
26,0.008222388103604317
27,0.007868120446801186
28,0.007997732609510422
29,0.007876893505454063
