Index, run_time
0,0.03187235910445452
1,0.036193789914250374
2,0.014284618198871613
