Index, run_time
0,0.12032666150480509
1,0.18438966665416956
2,0.2245109397917986
