Index, run_time
0,0.11988282762467861
1,0.16363596078008413
2,0.20515033695846796
