Index, run_time
0,0.010949240066111088
1,0.013031418435275555
2,0.013101151213049889
