Index, run_time
0,0.11688871402293444
1,0.17804370913654566
2,0.21179730165749788
