Index, run_time
0,0.011093901470303535
1,0.01472029834985733
2,0.013761946000158787
