Index, run_time
0,0.1580823864787817
1,0.1938209319487214
2,0.22822889126837254
