Index, run_time
0,0.16073540039360523
1,0.2289969502016902
2,0.2689445596188307
