Index, run_time
0,0.011287902481853962
1,0.021448085084557533
2,0.03770310431718826
