Index, run_time
0,0.19532685913145542
1,0.29951303359121084
2,0.2911791345104575
