Index, run_time
0,0.1679250616580248
1,0.24071873165667057
2,0.28137408941984177
