Index, run_time
0,0.022784627974033356
1,0.014498050324618816
2,0.016320766881108284
