Index, run_time
0,0.026220977306365967
1,0.04850620310753584
2,0.007038905285298824
