Index, run_time
0,0.17469526454806328
1,0.2517975177615881
2,0.13155257888138294
3,0.16158545017242432
4,0.15174616873264313
