Index, run_time
0,0.008512292057275772
1,0.014978846535086632
2,0.013800421729683876
3,0.006843686103820801
4,0.00634937547147274
