Index, run_time
0,0.3028795626014471
1,0.46370622888207436
2,0.31070539727807045
3,0.35391201078891754
4,0.6671504639089108
