Index, run_time
0,0.02431541122496128
1,0.020247772336006165
2,0.024706488475203514
3,0.006604406982660294
4,0.013722371309995651
