Index, run_time
0,57.85129553079605
1,134.55312584340572
2,153.15866248868406
3,172.9427670855075
4,205.37899507582188
5,223.01725963503122
