Index, run_time
0,21.132244382053614
1,5.643666168674827
2,5.610981283709407
3,3.465844815596938
4,3.6008211839944124
5,16.29324740357697
