Index, run_time
0,0.2226215759292245
1,0.1482318602502346
