Index, run_time
0,0.014478743076324463
1,0.02334189135581255
