Index, run_time
0,0.010276657529175282
1,0.014674948528409004
