Index, run_time
0,0.19718684628605843
1,0.31163864210247993
