Index, run_time
0,0.013389576226472855
1,0.008174503222107887
