Index, run_time
0,0.25923487171530724
1,0.1721061710268259
