Index, run_time
0,0.008975233882665634
1,0.013738174922764301
