Index, run_time
0,0.024115067906677723
1,0.007624420337378979
