Index, run_time
0,0.19470495264977217
1,0.1241960609331727
