Index, run_time
0,0.28476905543357134
1,0.15949769970029593
