Index, run_time
0,0.007762329652905464
1,0.015283222310245037
