Index, run_time
0,0.05618267320096493
1,0.024768313392996788
