Index, run_time
0,0.20759080071002245
1,0.18148080632090569
