Index, run_time
0,0.007233360782265663
1,0.013501761481165886
