Index, run_time
0,110.12785028293729
1,165.98245604149997
2,178.078971138224
3,172.73536005616188
4,212.9937355518341
5,267.3994236253202
