Index, run_time
0,255.7267362754792
1,78.3021933361888
2,56.293035343289375
3,35.35728050023317
4,42.91893124766648
5,69.2625234797597
