Index, run_time
1,332.00915588252246
2,409.31412567943335
3,375.8933424856514
4,438.32408437877893
5,475.7917406708002
