Index, run_time
1,191.47681159339845
2,232.0369381941855
3,187.98820898123085
4,178.69481219165027
5,190.98648814298213
