Index, run_time
0,1.0667569302022457
1,1.0435836371034384
2,0.7896579951047897
3,0.9582065287977457
4,0.941449360921979
0,0.9665476493537426
1,0.9462205190211535
2,0.7701128479093313
3,0.6514559332281351
4,0.6325946822762489
