Index, run_time
0,0.0413824962452054
1,0.0362842851318419
2,0.04512764886021614
3,0.03946874989196658
4,0.05016109487041831
5,0.041648343205451965
6,0.036358509212732315
7,0.04255663603544235
8,0.03564859600737691
9,0.039086604956537485
10,0.03623222606256604
11,0.037732977885752916
12,0.03695330489426851
13,0.03822692483663559
14,0.03890857007354498
15,0.03913929499685764
16,0.05223164102062583
17,0.04398952331393957
18,0.03842638898640871
19,0.040654721204191446
20,0.03819453436881304
21,0.03918787511065602
22,0.03681982820853591
23,0.03393675806000829
24,0.037944354582577944
25,0.03352454910054803
26,0.03538940940052271
27,0.03540424210950732
28,0.034601135179400444
29,0.03414906794205308
30,0.03460624534636736
31,0.03502319613471627
32,0.03540613315999508
33,0.03580491803586483
34,0.035785536747425795
35,0.03611658373847604
36,0.03559535462409258
37,0.036262703128159046
38,0.039424975868314505
39,0.035328653641045094
40,0.03757112938910723
41,0.036531354766339064
42,0.03786063892766833
43,0.037876483984291553
44,0.04115756042301655
45,0.093494838103652
46,0.0823854417540133
47,0.07695822976529598
48,0.034468187019228935
49,0.03403702238574624
50,0.03303325595334172
51,0.03303559496998787
52,0.034447718877345324
53,0.03446790995076299
54,0.03485054988414049
55,0.03512975061312318
56,0.03643173398450017
57,0.034739427734166384
58,0.03476034803315997
59,0.03529458213597536
60,0.03635236108675599
61,0.03697284124791622
62,0.036776750814169645
63,0.036422202829271555
