Index, run_time
0,58.08524417690933
1,34.76629047654569
2,30.883392430841923
3,32.74849049188197
4,26.003927631303668
