Index, run_time
0,6.249071355909109
1,7.103936767205596
2,10.007297484204173
3,9.770311435684562
4,21.410647593438625
5,17.351583952084184
