Index, run_time
0,44.19913941714913
1,10.172139466740191
2,10.897607583086938
3,11.130741296801716
4,11.417595799081028
5,12.049881991930306
