Index, run_time
0,295.0450803991407
1,26.661533857230097
2,10.58278914866969
3,9.946818225085735
4,9.104561704676598
5,9.464639658108354
