Index, run_time
0,57.90447900258005
1,12.108868004754186
2,15.476611748337746
3,9.596539797261357
4,9.95362682454288
5,11.20895316079259
