Index, run_time
0,0.012281994335353374
1,0.007654041051864624
2,0.007959776557981968
