Index, run_time
0,0.013242806307971478
1,0.027724770829081535
