Index, run_time
0,0.014244064688682556
1,0.007238399237394333
