Index, run_time
0,0.008637811988592148
1,0.013942784629762173
