Index, run_time
0,0.2759536001831293
1,0.33603005297482014
