Index, run_time
0,0.307444135658443
1,0.22547416016459465
