Index, run_time
0,0.28344457130879164
1,0.2946229809895158
