Index, run_time
0,0.24222080130130053
1,0.20162316039204597
