Index, run_time
0,0.008470579981803894
1,0.013009520247578621
