Index, run_time
0,0.031850782223045826
1,0.032709392718970776
