Index, run_time
0,0.27411109302192926
1,0.17565774731338024
