Index, run_time
0,0.13152830116450787
1,0.1447264077141881
2,0.16612247191369534
