Index, run_time
0,0.29590319748967886
1,0.2651160014793277
