Index, run_time
0,0.17598993238061666
1,0.1692060548812151
