Index, run_time
0,0.20613046176731586
1,0.2743547232821584
