Index, run_time
0,0.00880601815879345
1,0.024885250255465508
2,0.014867883175611496
