Index, run_time
0,0.022960503585636616
1,0.022185955196619034
