Index, run_time
0,0.014596011489629745
1,0.01360108982771635
2,0.013234338723123074
