Index, run_time
0,0.4073994616046548
1,0.4351311391219497
