Index, run_time
0,0.02010172512382269
1,0.02787866909056902
