Index, run_time
0,0.14720539469271898
1,0.16162640042603016
