Index, run_time
0,0.42959506064653397
1,0.20094205532222986
2,0.23295255657285452
