Index, run_time
0,0.015420951880514622
1,0.022571940906345844
2,0.0074049364775419235
