Index, run_time
0,0.2373738931491971
1,0.22786239720880985
2,0.2636367008090019
