Index, run_time
0,0.006932626478374004
1,0.010190327651798725
