Index, run_time
0,0.3966070730239153
1,0.2530412385240197
