Index, run_time
0,0.007351212203502655
1,0.007529896683990955
