Index, run_time
0,0.1563635552302003
1,0.14437683764845133
