Index, run_time
0,0.0075193969532847404
1,0.022293091751635075
