Index, run_time
0,0.28497859090566635
1,0.26721127703785896
2,0.18704942427575588
