Index, run_time
0,0.02019535657018423
1,0.025014575570821762
