Index, run_time
0,7.054561091586947
1,10.32814603857696
2,13.247552355751395
3,24.974040446802974
4,20.34673418290913
5,28.481337597593665
