Index, run_time
1,3722.5731823500246
2,4387.13568191044
3,3785.7982652839273
4,5305.1391543112695
5,5729.4688348751515
