Index, run_time
0,0.009118482936173677
1,0.007750689052045345
2,0.007463419809937477
3,0.007490385323762894
4,0.008829109836369753
