Index, run_time
0,0.010059928987175226
1,0.009292738977819681
2,0.00806801998987794
3,0.008994242176413536
4,0.00831774203106761
