Index, run_time
0,0.06052439985796809
1,0.04034655401483178
2,0.03885097894817591
3,0.038308199029415846
4,0.03501054598018527
