Index, run_time
0,0.056962009984999895
1,0.042088624089956284
2,0.03521928330883384
3,0.03840360604226589
4,0.030253414064645767
