Index, run_time
0,0.013918912969529629
1,0.007242334075272083
2,0.0070679401978850365
3,0.006999254692345858
4,0.007042726967483759
