Index, run_time
0,0.00901744281873107
1,0.007963431067764759
2,0.007413041777908802
3,0.007273559924215078
4,0.007227736059576273
