Index, run_time
0,0.08922300487756729
1,0.04269306268543005
2,0.05951533326879144
3,0.042892720084637403
4,0.04395725904032588
