Index, run_time
0,0.03232183959335089
1,0.03082866920158267
2,0.031769315246492624
3,0.03138106409460306
4,0.032020796090364456
