Index, run_time
0,0.0446374723687768
1,0.04336478793993592
2,0.040792728774249554
3,0.04074793215841055
4,0.04199944296851754
5,0.035969863180071115
6,0.07754852622747421
7,0.09075929457321763
8,0.0851221396587789
9,0.06657162541523576
10,0.0348283420316875
11,0.033615909051150084
12,0.04509187210351229
13,0.04202885925769806
14,0.03846530616283417
15,0.045399506110697985
16,0.047665963880717754
17,0.13888140907511115
18,0.0418187091127038
19,0.047595751006156206
20,0.038422300945967436
21,0.04340326599776745
22,0.05060950294137001
23,0.03764027031138539
24,0.03975048754364252
25,0.041212671902030706
26,0.0403857221826911
27,0.04070195509120822
28,0.03646773286163807
29,0.08086600014939904
30,0.05451757274568081
31,0.04397052386775613
32,0.03596209594979882
33,0.032958000898361206
34,0.03281671041622758
35,0.04064372228458524
36,0.03605438908562064
37,0.03701235027983785
38,0.03620478371158242
39,0.039707815274596214
40,0.03741014562547207
41,0.0437565091997385
42,0.04499654099345207
43,0.0447359592653811
44,0.04408984398469329
45,0.041561911813914776
46,0.037260512821376324
47,0.037096021231263876
48,0.03970493981614709
49,0.04436247888952494
50,0.044544571079313755
51,0.04859253205358982
52,0.040911118034273386
53,0.04308595275506377
54,0.043613438960164785
55,0.03575391601771116
56,0.042395833879709244
57,0.04693976603448391
58,0.04808927606791258
59,0.03688488528132439
60,0.0374926682561636
61,0.04153715306892991
62,0.042078057769685984
63,0.04237683396786451
64,0.04017000971361995
