Index, run_time
0,0.014705320820212364
1,0.024958351626992226
2,0.022548440843820572
3,0.006751434877514839
4,0.0065200431272387505
5,0.02634379453957081
6,0.013509388081729412
7,0.013760785572230816
8,0.009447448886930943
9,0.014645235612988472
10,0.014384469948709011
11,0.005616410635411739
12,0.005706786178052425
13,0.024696090258657932
14,0.015889856033027172
