Index, run_time
0,0.053594223223626614
1,0.03103152010589838
2,0.04989220481365919
3,0.0413601640611887
4,0.057486847043037415
5,0.04435318149626255
6,0.02183438092470169
7,0.1140637993812561
8,0.04267194960266352
9,0.0441490625962615
10,0.04375377297401428
11,0.021712339483201504
12,0.051638818345963955
13,0.04978365357965231
14,0.03016753401607275
