Index, run_time
0,0.011452761478722095
1,0.007303842343389988
2,0.013135412707924843
3,0.013124742545187473
4,0.006661266088485718
5,0.014648004435002804
6,0.018519575707614422
7,0.016813681460916996
8,0.018224568106234074
9,0.006949249655008316
10,0.022826822474598885
11,0.019711710512638092
12,0.006642905995249748
13,0.013599059544503689
14,0.013439484871923923
