Index, run_time
0,0.013267043977975845
1,0.007452063262462616
2,0.007483402267098427
3,0.007329957559704781
4,0.0073610469698905945
0,0.011567311361432076
1,0.007159851491451263
2,0.007369158789515495
3,0.007356923073530197
4,0.007629424333572388
