Index, run_time
0,0.010639872401952744
1,0.008059611544013023
2,0.007793299853801727
3,0.007590137422084808
4,0.007448311895132065
0,0.01055305264890194
1,0.0075746625661849976
2,0.009270384907722473
3,0.00748991034924984
4,0.008173976093530655
