Index, run_time
0,0.01063077338039875
1,0.007405422627925873
2,0.0077146925032138824
3,0.007489711046218872
4,0.0075795408338308334
0,0.007477449253201485
1,0.015738803893327713
2,0.008083907887339592
3,0.007324894890189171
4,0.009152436628937721
