Index, run_time
0,6.146151462569833
1,5.868540743365884
2,3.6551065519452095
3,4.107533743605018
4,3.08713929541409
0,1.2108670249581337
1,1.157796686515212
2,1.735525256022811
3,1.6965510733425617
4,2.11976171284914
