Index, run_time
0,10.269159123301506
1,2.925279492046684
2,3.1368761472404003
3,3.108161959797144
4,3.0968003440648317
5,3.059678320772946
