Index, run_time
0,71.89361934084445
1,4.22433251189068
2,3.5913419956341386
3,3.225578173995018
4,3.227158030960709
5,3.142033549025655
