Index, run_time
0,0.010616915300488472
1,0.007967863231897354
2,0.01458476111292839
3,0.008853113278746605
4,0.009398462250828743
