Index, run_time
0,0.08585104160010815
1,0.10892635770142078
2,0.05162578448653221
3,0.061393529176712036
4,0.09775901213288307
