Index, run_time
0,2.2408479899168015
1,2.4202357456088066
2,2.0609120279550552
3,2.424497440457344
4,2.623229520395398
