Index, run_time
0,0.007525648921728134
1,0.007202828302979469
2,0.007137851789593697
3,0.007140446454286575
4,0.007173389196395874
