Index, run_time
0,3.8594869170337915
1,2.2559611406177282
2,2.2265963703393936
3,2.1541565656661987
4,2.467460347339511
