Index, run_time
0,0.007052114233374596
1,0.007126638665795326
2,0.0073582082986831665
3,0.007219424471259117
4,0.00705217570066452
