Index, run_time
0,3.0182384308427572
1,2.4503367971628904
2,3.2178723458200693
3,2.836047723889351
4,2.805507395416498
