Index, run_time
0,0.014712484553456306
1,0.007065180689096451
2,0.0074432361871004105
3,0.007421974092721939
4,0.03863059543073177
