Index, run_time
0,2.3755502589046955
1,0.6252977047115564
2,0.9585140403360128
3,0.7497752550989389
4,0.9087990541011095
5,0.7925424333661795
