Index, run_time
0,0.04103787103667855
1,0.03426711680367589
2,0.033070126082748175
3,0.03290999890305102
4,0.033069153781980276
5,0.0333502278663218
6,0.0336221088655293
7,0.03338099899701774
8,0.03544064401648939
9,0.03452901588752866
