Index, run_time
0,1.172478344058618
1,0.08155070594511926
2,0.0651244439650327
3,0.0633261960465461
4,0.06266292394138873
5,0.06644967501051724
6,0.0685250898823142
7,0.0688453409820795
8,0.0684369399677962
9,0.06767646502703428
