Index, run_time
0,0.006716068834066391
1,0.006942864507436752
2,0.0067041292786598206
3,0.006744539365172386
4,0.006759382784366608
