Index, run_time
0,0.31164630874991417
1,0.3240889199078083
2,0.3469911105930805
3,0.2531520910561085
4,0.18357879668474197
