Index, run_time
0,0.05216555297374725
1,0.149753637611866
2,0.06749738194048405
3,0.13296755217015743
4,0.07594143971800804
