Index, run_time
0,0.010751182213425636
1,0.00820588693022728
2,0.02411951683461666
3,0.010188812389969826
4,0.01196904294192791
