Index, run_time
0,0.008319472894072533
1,0.008437832817435265
2,0.008034853264689445
3,0.008742228150367737
4,0.008194878697395325
