Index, run_time
0,0.1557208988815546
1,0.16997643932700157
2,0.08328499272465706
3,0.12360765971243382
4,0.08521106839179993
