Index, run_time
0,544.1276508010924
1,487.4873466580175
2,97.18449841300026
3,97.92433894565329
4,105.80580869596452
