Index, run_time
0,0.00889597088098526
1,0.007899951189756393
2,0.007049279287457466
3,0.006983019411563873
4,0.0074544623494148254
0,0.006048619747161865
1,0.00678466260433197
2,0.006693277508020401
3,0.0066846273839473724
4,0.0067783743143081665
