Index, run_time
0,1.2544225323945284
1,1.0686209816485643
2,0.7642165329307318
3,0.7971119023859501
4,0.9167015869170427
0,0.43535824306309223
1,0.3177412524819374
2,0.3132400382310152
3,0.33792995288968086
4,0.31635951437056065
