Index, run_time
0,6.256553333252668
1,5.0303795244544744
2,4.4759708773344755
3,4.56486308015883
4,4.385485021397471
0,0.530349675565958
1,0.36306435614824295
2,0.3592661712318659
3,0.3599573988467455
4,0.35459629632532597
