Index, run_time
0,0.041189981158822775
1,0.03799539199098945
2,0.03846979467198253
3,0.06332630384713411
4,0.06258531473577023
5,0.06125155184417963
6,0.0759011679328978
7,0.0676558380946517
8,0.047427823767066
9,0.03461900493130088
10,0.03472774242982268
11,0.03345787199214101
12,0.03622433776035905
13,0.034582538064569235
14,0.03472847305238247
15,0.03651775931939483
16,0.036846057046204805
17,0.05026135500520468
18,0.041551738046109676
19,0.0411766548641026
20,0.04113217070698738
21,0.04147223336622119
22,0.04197976412251592
23,0.03762068133801222
24,0.03925971779972315
25,0.03364522708579898
26,0.03329913504421711
27,0.03591785719618201
28,0.035056184977293015
29,0.03413929417729378
30,0.03470791969448328
31,0.035001154989004135
32,0.039964647963643074
33,0.034993748646229506
34,0.03550850413739681
35,0.03724757395684719
36,0.03561092307791114
37,0.03649018704891205
38,0.03836596617475152
39,0.03879162995144725
40,0.03912220196798444
41,0.03862898796796799
42,0.03815459832549095
43,0.03641758905723691
44,0.047377176117151976
45,0.03808626625686884
46,0.03803441300988197
47,0.036166877951473
48,0.034614268224686384
49,0.03171130083501339
50,0.033804806880652905
51,0.03247420536354184
52,0.034279598854482174
53,0.03339557396247983
54,0.03611491108313203
55,0.03432045690715313
56,0.036756507121026516
57,0.042204929050058126
58,0.03783917706459761
59,0.03691245708614588
60,0.03673562128096819
61,0.046365235932171345
62,0.03908763686195016
63,0.0424690842628479
64,0.05281983595341444
