Index, run_time
0,0.014658968895673752
1,0.008248316124081612
2,0.00836057960987091
3,0.008402125909924507
4,0.008177027106285095
