Index, run_time
0,0.008318204432725906
1,0.00776970200240612
2,0.007842401042580605
3,0.007780531421303749
4,0.008113972842693329
