Index, run_time
0,1.6893749125301838
1,1.4989729169756174
2,1.506430210545659
3,1.2267688792198896
4,1.3828894719481468
