Index, run_time
0,0.007739132270216942
1,0.007484622299671173
2,0.0077944472432136536
3,0.007495913654565811
4,0.0074567776173353195
