Index, run_time
0,0.007770512253046036
1,0.0074464101344347
2,0.007138259708881378
3,0.0078085046261549
4,0.00706806406378746
