Index, run_time
0,1.5516544710844755
1,1.3440134413540363
2,1.216613246127963
3,1.4730728548020124
4,1.253901518881321
