Index, run_time
0,1.3555368576198816
1,1.0314786862581968
2,1.0649095755070448
3,1.0824884288012981
4,1.0400956571102142
