Index, run_time
0,0.006879441440105438
1,0.00694161094725132
2,0.006965646520256996
3,0.006773240864276886
4,0.0068687256425619125
