Index, run_time
0,1.145262785255909
1,0.9236824829131365
2,0.9369791466742754
3,0.9663020297884941
4,0.9043511804193258
