Index, run_time
0,1.3876893445849419
1,1.2780955042690039
2,1.3666476551443338
3,1.3107178546488285
4,1.25854373537004
