Index, run_time
0,10.418627670034766
1,11.531026341021061
2,11.952408349141479
3,28.96602120436728
4,27.11656471900642
5,23.55691190250218
