Index, run_time
0,3.1535868402570486
1,1.9002339784055948
2,1.3506148606538773
3,1.3673974517732859
4,1.390884768217802
5,2.0693487394601107
