Index, run_time
0,3.3425670587457716
1,2.8324783220887184
2,2.4005765821784735
3,2.566052538808435
4,2.3423643661662936
