Index, run_time
0,24.59191809175536
1,15.182771096006036
2,4.772907857783139
3,3.504244863986969
4,8.493603887967765
