Index, run_time
0,0.011168217286467552
1,0.008044568821787834
2,0.007574407383799553
3,0.007413363084197044
4,0.0073095690459012985
