Index, run_time
0,0.008568808436393738
1,0.00760711170732975
2,0.007419399917125702
3,0.007285896688699722
4,0.007322188466787338
