Index, run_time
0,0.06038202904164791
1,0.03546545468270779
2,0.03509465977549553
3,0.03652266412973404
4,0.035588113591074944
