Index, run_time
0,0.04257975937798619
1,0.055856700986623764
2,0.04674414684996009
3,0.1201107962988317
4,0.057405210100114346
