Index, run_time
0,0.05284430366009474
1,0.1069426741451025
2,0.09451589593663812
3,0.09507662383839488
4,0.07877723313868046
