Index, run_time
0,0.04066741466522217
1,0.03236469719558954
2,0.03141987323760986
3,0.029651632998138666
4,0.030336908996105194
