Index, run_time
0,0.010066661052405834
1,0.007934170309454203
2,0.0076120770536363125
3,0.007488823961466551
4,0.007375130895525217
