Index, run_time
0,0.009040800854563713
1,0.00811185222119093
2,0.0077239819802343845
3,0.007745802868157625
4,0.007734077051281929
