Index, run_time
0,0.010343295056372881
1,0.0083008729852736
2,0.007558743003755808
3,0.007468558847904205
4,0.007574001792818308
