Index, run_time
0,5.679431017488241
1,6.264980167150497
2,8.216111581772566
3,12.213128810748458
4,17.79656843096018
5,19.89427114650607
