Index, run_time
0,0.007236490026116371
1,0.024618396535515785
