Index, run_time
0,0.16999218333512545
1,0.2209389666095376
