Index, run_time
0,0.98675936460495
1,1.060494827106595
2,1.152616959065199
3,1.0842109639197588
4,0.8888953328132629
0,0.46556287072598934
1,0.35954447090625763
2,0.3275475222617388
3,0.3256261646747589
4,0.3265170305967331
