Index, run_time
0,6.562193848192692
1,5.778290515765548
2,6.816702285781503
3,5.711021954193711
4,4.668089313432574
0,0.4614850003272295
1,0.3340603858232498
2,0.32960422709584236
3,0.3381480220705271
4,0.3478176239877939
