Index, run_time
0,506.84799822000787
1,468.0029541463591
2,117.39498210931197
3,97.5974401012063
4,78.94019366195425
