Index, run_time
0,0.009755933657288551
1,0.007260072976350784
2,0.029779400676488876
3,0.00775044783949852
4,0.04004755988717079
