Index, run_time
0,3.7765190470963717
1,3.4867813996970654
2,2.3080318216234446
3,3.1880058720707893
4,2.2424861192703247
