Index, run_time
0,0.012797996401786804
1,0.007119957357645035
2,0.00738983228802681
3,0.007422273978590965
4,0.01696051098406315
