Index, run_time
0,3.328244624659419
1,2.2866808492690325
2,2.404330665245652
3,2.153917023912072
4,2.279786178842187
