Index, run_time
0,2.336585111916065
1,2.093156974762678
2,2.105858163908124
3,2.36840658262372
4,2.600335955619812
