Index, run_time
0,0.19908757880330086
1,0.2704626340419054
2,0.21486044861376286
3,0.2622873764485121
4,0.13087415136396885
