Index, run_time
0,0.006934370845556259
1,0.021880486980080605
2,0.008781326934695244
3,0.00677146390080452
4,0.00698181614279747
