Index, run_time
0,0.17905470356345177
1,0.22379546985030174
2,0.19026686064898968
3,0.2923500295728445
4,0.11862678825855255
