Index, run_time
0,0.3757313434034586
1,0.15436153300106525
2,0.16519848816096783
3,0.3335981164127588
4,0.44876631163060665
