Index, run_time
0,0.5016051698476076
1,0.1762595809996128
2,0.3800943773239851
3,0.35186499916017056
4,0.2723890747874975
