Index, run_time
0,0.006780272349715233
1,0.006702190265059471
2,0.007115790620446205
3,0.006630083546042442
4,0.011232446879148483
