Index, run_time
0,3.9650626815855503
1,3.3643187656998634
2,3.719271244481206
3,3.6084101609885693
4,4.308058127760887
0,0.365490747615695
1,0.26174413599073887
2,0.26278743147850037
3,0.2653657868504524
4,0.26381133310496807
