Index, run_time
0,0.008400984108448029
1,0.006735814735293388
2,0.007569843903183937
3,0.007367774844169617
4,0.0071843937039375305
0,0.007830491289496422
1,0.006924515590071678
2,0.006807208061218262
3,0.007009314373135567
4,0.007398836314678192
