Index, run_time
0,6.636376321315765
1,6.815438227728009
2,4.953866915777326
3,4.337645038962364
4,4.481028970330954
0,0.4454410318285227
1,0.32466535083949566
2,0.3378852792084217
3,0.3309380803257227
4,0.3276119101792574
