Index, run_time
0,5.654053594917059
1,6.2349927350878716
2,6.623583072796464
3,6.519564403221011
4,6.131335182115436
0,0.5278267413377762
1,0.3781868498772383
2,0.3908577486872673
3,0.38918844051659107
4,0.3905008751899004
