Index, run_time
1,153.17660221923143
2,117.28596195206046
3,171.7197895264253
4,169.38960302248597
5,192.90161117352545
6,189.57078444678336
7,178.2884621368721
8,237.16574814543128
9,211.01270679943264
10,243.02522233314812
