Index, run_time
1,67.55051202978939
2,82.407718969509
3,69.56014970690012
4,68.50916219502687
5,74.06395224388689
6,67.79791004955769
7,71.4325888287276
8,70.47919892333448
9,66.99113993626088
10,68.65010948944837
