Index, run_time
0,0.018100477755069733
1,0.0074555762112140656
2,0.007245151326060295
3,0.007235025987029076
4,0.028115922585129738
