Index, run_time
0,2.656301086768508
1,3.745350632816553
2,3.4597838409245014
3,2.953977908939123
4,3.620130233466625
