Index, run_time
0,0.01003178395330906
1,0.007222872227430344
2,0.01737331971526146
3,0.01120622456073761
4,0.007199076935648918
