Index, run_time
0,622.4348826832138
1,564.9707802017219
2,565.5610391199589
3,614.086183482781
4,504.3311837571673
