Index, run_time
0,36.52571943588555
1,7.328952357172966
2,9.514651235193014
3,7.095624519512057
4,6.422066185623407
5,6.2595598716288805
