Index, run_time
0,12.303142899647355
1,15.238014390692115
2,14.265409626066685
3,23.913351191207767
4,29.20545027591288
5,38.11625404283404
