Index, run_time
0,14.828831598162651
1,15.072049176320434
2,8.719634547829628
3,9.267005601897836
4,7.082074096426368
