Index, run_time
0,4.226503951475024
1,3.152685748413205
2,2.576087601482868
3,2.6699646040797234
4,2.2633128203451633
