Index, run_time
0,0.041138121858239174
1,0.11901917308568954
2,0.008886123076081276
3,0.008162165060639381
4,0.008132223039865494
