Index, run_time
0,0.009704558178782463
1,0.013870472088456154
2,0.01931910403072834
3,0.00879199244081974
4,0.008308157324790955
