Index, run_time
0,0.04915270023047924
1,0.0434972308576107
2,0.04713316075503826
3,0.06167810782790184
4,0.05528634786605835
