Index, run_time
0,34.151840802282095
1,52.27480691857636
2,88.28943573124707
3,102.26999475248158
4,103.00805592164397
