Index, run_time
0,59.57650063931942
1,43.6716506164521
2,39.60485898889601
3,36.83418442122638
4,26.39696853235364
