Index, run_time
0,0.13417390920221806
1,0.27742110565304756
2,0.17412983998656273
3,0.3385118991136551
4,0.18893822841346264
