Index, run_time
0,0.007172372192144394
1,0.006913440302014351
2,0.007089328020811081
3,0.006925797089934349
4,0.007364911958575249
