Index, run_time
0,0.006960401311516762
1,0.007312312722206116
2,0.007143007591366768
3,0.0071526989340782166
4,0.00812593661248684
