Index, run_time
1,6.056496784090996
2,5.577734520658851
3,5.363737357780337
4,5.651528252288699
5,5.807183103635907
