Index, run_time
1,14.043751791119576
2,15.547913562506437
3,14.850678157061338
4,18.828813986852765
5,19.076112400740385
