Index, run_time
0,0.2903033262118697
1,0.37008909694850445
