Index, run_time
0,0.25210938416421413
1,0.38065796438604593
