Index, run_time
0,0.26516480650752783
1,0.5052611650899053
