Index, run_time
0,0.034684126265347004
1,0.026150604709982872
