Index, run_time
0,0.013039181008934975
1,0.00718550942838192
