Index, run_time
0,0.01772323716431856
1,0.007416722364723682
