Index, run_time
0,7985.004502912983
1,1529.220172258094
2,1390.395487749949
3,1421.2277014032006
4,1435.1634013485163
5,1298.2132830601186
