Index, run_time
0,0.02850188221782446
1,0.03623023070394993
2,0.04643621761351824
3,0.029937990941107273
4,0.01870056428015232
5,0.04785177856683731
6,0.017672435380518436
7,0.02930738776922226
8,0.037664441391825676
9,0.041816143319010735
10,0.015684678219258785
11,0.046794298104941845
12,0.04343833867460489
13,0.04970391560345888
14,0.01629762351512909
