Index, run_time
0,0.03249115310609341
1,0.024034311063587666
2,0.007340783253312111
3,0.01686011627316475
4,0.022500663064420223
5,0.01383524015545845
6,0.011048072949051857
7,0.013043124228715897
8,0.01937499176710844
9,0.007387430407106876
10,0.012911045923829079
11,0.007338946685194969
12,0.023924164474010468
13,0.013128709979355335
14,0.013470297679305077
