Index, run_time
0,0.07509645912796259
1,0.03372421208769083
2,0.05877866595983505
3,0.03414758201688528
4,0.019396409392356873
5,0.050511146895587444
6,0.018023403361439705
7,0.029953619465231895
8,0.0418856106698513
9,0.048176777549088
10,0.015351500362157822
11,0.05189482029527426
12,0.047064309008419514
13,0.0658566914498806
14,0.018990029580891132
