Index, run_time
0,0.025981344282627106
1,0.027085800655186176
2,0.057074807584285736
3,0.028787599876523018
4,0.017516853287816048
5,0.04392782971262932
6,0.01598332729190588
7,0.028228478506207466
8,0.09617752023041248
9,0.03915754705667496
10,0.013043380342423916
11,0.043804396875202656
12,0.03917060233652592
13,0.048522546887397766
14,0.017064115963876247
