Index, run_time
0,0.026462743990123272
1,0.023723247461020947
2,0.043707928620278835
3,0.026419137604534626
4,0.01681124698370695
5,0.04006512090563774
6,0.014386831782758236
7,0.023600957356393337
8,0.03492380678653717
9,0.04152646753937006
10,0.01227159146219492
11,0.03870866820216179
12,0.03509895130991936
13,0.04315047338604927
14,0.014936433173716068
