Index, run_time
0,0.012747742235660553
1,0.008212912827730179
2,0.006136848591268063
3,0.014164723455905914
4,0.022202066145837307
5,0.0237165754660964
6,0.016471712850034237
7,0.01480071246623993
8,0.01858192030340433
9,0.012790936045348644
10,0.011477007530629635
11,0.02476809360086918
12,0.03212543670088053
13,0.02428331971168518
14,0.010380109772086143
