Index, run_time
0,0.0068615274503827095
1,0.03046329226344824
2,0.02461062464863062
3,0.006589412689208984
4,0.0063102031126618385
5,0.006272343918681145
6,0.022431996650993824
7,0.024835048243403435
8,0.02093893103301525
9,0.007193326018750668
10,0.021680052392184734
11,0.022628748789429665
12,0.009776443243026733
13,0.012810678221285343
14,0.014242502860724926
