Index, run_time
0,0.024642222560942173
1,0.02307506464421749
2,0.041641402058303356
3,0.02731363195925951
4,0.015752351842820644
5,0.0388541491702199
6,0.015133807435631752
7,0.025325655937194824
8,0.033868540078401566
9,0.058930641040205956
10,0.011739314533770084
11,0.04129080940037966
12,0.037496243603527546
13,0.04539157170802355
14,0.015001815743744373
