Index, run_time
0,0.03520385827869177
1,0.04432229232043028
2,0.05284744594246149
3,0.029953614808619022
4,0.019093170762062073
5,0.05135596450418234
6,0.01780058816075325
7,0.030985549092292786
8,0.03953685238957405
9,0.04244955163449049
10,0.01959993503987789
11,0.04997330438345671
12,0.04597010836005211
13,0.05127931572496891
14,0.01737949252128601
