Index, run_time
0,0.012669906951487064
1,0.007146133109927177
2,0.03522133454680443
3,0.012011935003101826
4,0.006231142207980156
5,0.014758223667740822
6,0.024743791669607162
7,0.012709598056972027
8,0.013992917723953724
9,0.006677728146314621
10,0.02248370461165905
11,0.0184058528393507
12,0.00705342460423708
13,0.0136658800765872
14,0.023143435828387737
