Index, run_time
0,0.02546275593340397
1,0.024821268394589424
2,0.04639457445591688
3,0.03049461357295513
4,0.019898229278624058
5,0.048690762370824814
6,0.017491789534687996
7,0.02756095677614212
8,0.04723143391311169
9,0.04158005490899086
10,0.013294771313667297
11,0.043144382536411285
12,0.11540718097239733
13,0.05184612888842821
14,0.018956992775201797
