Index, run_time
0,0.011893057264387608
1,0.010395617224276066
2,0.014491896145045757
3,0.018960192799568176
4,0.013914113864302635
5,0.013540138490498066
6,0.006298507563769817
7,0.02564929611980915
8,0.024857557378709316
9,0.013288512825965881
10,0.024093245156109333
11,0.019251818768680096
12,0.012938533909618855
13,0.012822691351175308
14,0.014558971859514713
