Index, run_time
0,0.0313127338886261
1,0.022194660268723965
2,0.014327009208500385
3,0.013271363452076912
4,0.006841572001576424
5,0.006379866972565651
6,0.03337662387639284
7,0.033078876323997974
8,0.03690396063029766
9,0.007104363292455673
10,0.009880177676677704
11,0.025810187682509422
12,0.03272268548607826
13,0.016914788633584976
14,0.013283014297485352
