Index, run_time
0,0.02821250632405281
1,0.039979143999516964
2,0.11675010249018669
3,0.04229076486080885
4,0.018534034490585327
5,0.04618687927722931
6,0.017841510474681854
7,0.055803763680160046
8,0.07929594814777374
9,0.08338159881532192
10,0.02871148008853197
11,0.10207278747111559
12,0.08428279496729374
13,0.16636585164815187
14,0.06858242675662041
