Index, run_time
0,0.02157894242554903
1,0.014322999864816666
2,0.014966069720685482
3,0.019361454993486404
4,0.012524416670203209
5,0.006432748399674892
6,0.02595421764999628
7,0.02617096807807684
8,0.016585529781877995
9,0.006179613992571831
10,0.01432992797344923
11,0.022441234439611435
12,0.01253125537186861
13,0.011088385246694088
14,0.009437327273190022
