Index, run_time
0,0.013111491687595844
1,0.012087944895029068
2,0.011878822930157185
3,0.010692659765481949
4,0.010054076090455055
