Index, run_time
0,0.00931699201464653
1,0.008416129741817713
2,0.008306244388222694
3,0.008125912863761187
4,0.007818746846169233
