Index, run_time
0,0.0492219552397728
1,0.03941330499947071
2,0.03803028026595712
3,0.03965185768902302
4,0.03891871590167284
