Index, run_time
0,0.009887061081826687
1,0.008369201328605413
2,0.00784599082544446
3,0.007836418226361275
4,0.007706956006586552
