Index, run_time
0,0.08495837589725852
1,0.043414671905338764
2,0.039221508894115686
3,0.03873331379145384
4,0.038484225049614906
