Index, run_time
0,0.05072543816640973
1,0.0399520481005311
2,0.03697660705074668
3,0.038896235171705484
4,0.045292442198842764
