Index, run_time
0,0.023097513243556023
1,0.008007999509572983
2,0.007950067520141602
3,0.008238522335886955
4,0.007935529574751854
5,0.007806597277522087
6,0.007874656468629837
7,0.008160507306456566
8,0.008299002423882484
9,0.007678527384996414
10,0.007849916815757751
11,0.007746018469333649
12,0.007817542180418968
13,0.007953628897666931
14,0.007841644808650017
15,0.007839895784854889
16,0.008119834586977959
17,0.007943825796246529
18,0.008354974910616875
19,0.007826503366231918
20,0.007870795205235481
21,0.008243132382631302
22,0.008023399859666824
23,0.007977047935128212
24,0.00789809413254261
25,0.008058762177824974
26,0.007864311337471008
27,0.008069837465882301
28,0.00821843184530735
29,0.00807105004787445
0,0.021068226546049118
1,0.007986824959516525
2,0.008091645315289497
3,0.008070170879364014
4,0.016479171812534332
5,0.00831548497080803
6,0.008030038326978683
7,0.008056990802288055
8,0.008013179525732994
9,0.007853547111153603
10,0.007915286347270012
11,0.008119843900203705
12,0.007970739156007767
13,0.007748447358608246
14,0.008228428661823273
15,0.007751055061817169
16,0.008111052215099335
17,0.009045016020536423
18,0.008807292208075523
19,0.007880108430981636
20,0.010277597233653069
21,0.008054075762629509
22,0.010088007897138596
23,0.008016159757971764
24,0.007923314347863197
25,0.007867680862545967
26,0.008097788318991661
27,0.00785209983587265
28,0.007901864126324654
29,0.007895760238170624
