Index, run_time
0,53.24686244968325
1,45.61755931470543
2,48.126496468205005
3,51.604282080661505
4,40.83870967524126
