Index, run_time
0,313.24686038913205
1,626.9236787641421
2,1091.717232848052
3,1154.9833749411628
4,6737.438446122687
