Index, run_time
0,0.007861675694584846
1,0.012898191809654236
2,0.007878171280026436
3,0.01490934006869793
4,0.007798325270414352
