Index, run_time
0,0.008746311068534851
1,0.007740190252661705
2,0.008053181692957878
3,0.04843823239207268
4,0.00772525928914547
