Index, run_time
0,0.00659400038421154
1,0.0067259781062603
2,0.013063088059425354
3,0.0066968947649002075
4,0.006606144830584526
