Index, run_time
0,0.4234978836029768
1,0.5047000925987959
2,0.16371813416481018
3,0.11294903792440891
4,0.11647074483335018
