Index, run_time
0,0.3169890735298395
1,0.19606107845902443
2,0.14491406083106995
3,0.1675438340753317
4,0.1969335712492466
