Index, run_time
0,0.34885394014418125
1,0.5372727271169424
2,0.19357271678745747
3,0.24907816387712955
4,0.26608089730143547
