Index, run_time
0,0.3974550124257803
1,0.285273440182209
2,0.16515291295945644
3,0.22667951323091984
4,0.2693270705640316
