Index, run_time
0,0.3324506990611553
1,0.5066413916647434
2,0.22005115263164043
3,0.2857385575771332
4,0.2995382435619831
