Index, run_time
0,0.43484799191355705
1,0.15368383564054966
2,0.2472870610654354
3,0.43256824277341366
4,0.15927458181977272
