Index, run_time
0,0.007769279181957245
1,0.00909816287457943
2,0.008520908653736115
3,0.007423488423228264
4,0.007364897057414055
