Index, run_time
0,0.01000596210360527
1,0.008962016552686691
2,0.00816824659705162
3,0.007963694632053375
4,0.007790600880980492
