Index, run_time
0,0.274172218516469
1,0.7536657713353634
2,0.8198419790714979
3,0.334853857755661
4,0.3771526422351599
