Index, run_time
0,0.1987621020525694
1,0.59864067658782
2,0.13860387168824673
3,0.18245167657732964
4,0.18543260172009468
