Index, run_time
0,0.007001942023634911
1,0.007161954417824745
2,0.04974319599568844
3,0.00694822333753109
4,0.006905652582645416
