Index, run_time
0,0.008702808991074562
1,0.007724335417151451
2,0.03461674600839615
3,0.007052997127175331
4,0.006860021501779556
