Index, run_time
0,0.010047007817775011
1,0.009275939781218767
2,0.018398908898234367
3,0.007658801972866058
4,0.008788973093032837
