Index, run_time
0,0.05488827917724848
1,0.05895322700962424
2,0.09066061116755009
3,0.040817141998559237
4,0.0354832299053669
