Index, run_time
0,0.039295552764087915
1,0.0360751342959702
2,0.09386520320549607
3,0.07882402604445815
4,0.03196080820634961
