Index, run_time
0,0.04358617402613163
1,0.06812260998412967
2,0.04423166159540415
3,0.04238465707749128
4,0.0652740471996367
