Index, run_time
0,0.010859211906790733
1,0.008080778177827597
2,0.007728899363428354
3,0.00760079687461257
4,0.007578806020319462
