Index, run_time
0,0.03951088013127446
1,0.030243861954659224
2,0.031570041086524725
3,0.031162481289356947
4,0.03254176117479801
