Index, run_time
0,0.008445429150015116
1,0.007892179302871227
2,0.0075347102247178555
3,0.007494447287172079
4,0.0074765970930457115
