Index, run_time
0,0.03960241191089153
1,0.032635748852044344
2,0.03286517225205898
3,0.03180974302813411
4,0.03297400800511241
