Index, run_time
0,0.050881956703960896
1,0.03363796975463629
2,0.08303224388509989
3,0.06251105014234781
4,0.05840918701142073
