Index, run_time
0,0.009716672822833061
1,0.008185565005987883
2,0.007747380994260311
3,0.0076643330976367
4,0.0076356311328709126
