Index, run_time
0,0.010901920031756163
1,0.008365427143871784
2,0.007991887629032135
3,0.00783100025728345
4,0.007709738798439503
