Index, run_time
0,0.072849091142416
1,0.035491209011524916
2,0.03430372383445501
3,0.03636582428589463
4,0.034951926209032536
