Index, run_time
0,0.057872978039085865
1,0.0820633820258081
2,0.0831246143206954
3,0.10001550382003188
4,0.08745532995089889
