Index, run_time
0,0.010627539828419685
1,0.021393069997429848
2,0.02563304267823696
3,0.011046791449189186
4,0.034076109528541565
