Index, run_time
0,0.044500842690467834
1,0.06078409217298031
2,0.05723285861313343
3,0.09750283323228359
4,0.07956354506313801
