Index, run_time
0,0.08953524380922318
1,0.0224886666983366
2,0.032283270731568336
3,0.023453351110219955
4,0.0824410542845726
5,0.007985701784491539
6,0.006864314898848534
7,0.005676422268152237
8,0.01464906893670559
9,0.005868950858712196
10,0.005634507164359093
11,0.005006099119782448
12,0.007162833586335182
13,0.005399670451879501
14,0.005879608914256096
15,0.006984135136008263
16,0.004902482032775879
17,0.005778735503554344
18,0.00495532900094986
19,0.0045362841337919235
20,0.004041904583573341
21,0.005063585937023163
22,0.004586683586239815
23,0.005178531631827354
24,0.00418788380920887
25,0.0058691613376140594
26,0.0055851321667432785
27,0.005120197311043739
28,0.005416771396994591
29,0.01207743026316166
30,0.006235891953110695
31,0.00533563457429409
32,0.005220629274845123
33,0.005339005962014198
34,0.0052376799285411835
35,0.004462318494915962
36,0.005964726209640503
37,0.006147213280200958
38,0.004185456782579422
39,0.005758028477430344
40,0.005112562328577042
41,0.00488891638815403
42,0.005838776007294655
43,0.004664143547415733
44,0.0063442811369895935
45,0.00393226183950901
46,0.0053069330751895905
47,0.005238870158791542
48,0.005331769585609436
49,0.00603160634636879
50,0.007330693304538727
51,0.0054520778357982635
52,0.0060051679611206055
53,0.006212102249264717
54,0.005003191530704498
55,0.006016027182340622
56,0.004138510674238205
57,0.005329307168722153
58,0.0052903201431035995
59,0.005088452249765396
60,0.005617130547761917
61,0.005403237417340279
62,0.005698144435882568
63,0.0062429942190647125
64,0.006454244256019592
