Index, run_time
0,0.2449787687510252
1,0.44705161079764366
2,0.2204633355140686
3,0.17018491961061954
4,0.3183791507035494
