Index, run_time
0,0.007851267233490944
1,0.007161391898989677
2,0.01608479954302311
3,0.007192665711045265
4,0.013654360547661781
