Index, run_time
0,98.11383067071438
1,14.873471470549703
2,16.29328510351479
3,12.682470368221402
4,15.319496095180511
5,19.954935003072023
