Index, run_time
0,220.37819140218198
1,45.112368227913976
2,66.02470332756639
3,53.75569932535291
4,41.72692406922579
5,65.576725801453
