Index, run_time
0,336.30451122205704
1,608.9270040169358
2,868.4229093468748
3,1163.2422968246974
4,2382.8870095186867
