Index, run_time
1,397.05494080111384
2,408.7969102561474
3,422.59426464885473
4,415.4382153507322
5,367.5889563281089
