Index, run_time
0,0.10747133940458298
1,0.23228704556822777
2,0.2546296399086714
3,0.29090553522109985
4,0.2293317038565874
5,0.1847970075905323
6,0.16933191195130348
7,0.14723250642418861
8,0.17574565298855305
9,0.10878940112888813
10,0.09734745882451534
11,0.0981695856899023
12,0.09368147887289524
13,0.10504629462957382
14,0.1076143179088831
15,0.10097593627870083
16,0.12317497096955776
17,0.09437060356140137
18,0.05728154443204403
19,0.0773097537457943
20,0.05366458371281624
21,0.07409439980983734
22,0.08074549585580826
23,0.042820174247026443
24,0.0513286292552948
25,0.03276807442307472
26,0.03576863370835781
27,0.034534286707639694
28,0.08890481479465961
29,0.11226170510053635
30,0.09134169481694698
31,0.07604820653796196
32,0.08774732984602451
33,0.08249942399561405
34,0.06597824767231941
35,0.07594805397093296
36,0.07458440773189068
37,0.08132262900471687
38,0.0401418786495924
39,0.014184776693582535
40,0.05665194056928158
41,0.01761474460363388
42,0.016208181157708168
43,0.011523528024554253
44,0.016761522740125656
45,0.006163621321320534
46,0.009117534384131432
47,0.006174324080348015
48,0.006447862833738327
49,0.0064734648913145065
50,0.006243947893381119
51,0.004864180460572243
52,0.006639562547206879
53,0.0071131568402051926
54,0.006111526861786842
55,0.015076488256454468
56,0.04109350964426994
57,0.058967068791389465
58,0.05431121587753296
59,0.0480591244995594
60,0.0578616838902235
61,0.03822510130703449
62,0.006735179573297501
63,0.008437467738986015
64,0.006857171654701233
