Index, run_time
0,3.9619391597807407
1,2.925817860290408
2,2.4613296948373318
3,2.4634034037590027
4,2.0582417771220207
