Index, run_time
0,0.009681371971964836
1,0.007857571821659803
2,0.00889052776619792
3,0.007787652313709259
4,0.017845135182142258
