Index, run_time
0,0.05638506542891264
1,0.044670871924608946
2,0.03727282118052244
3,0.05898379581049085
4,0.06038382090628147
