Index, run_time
0,3.1186626609414816
1,0.8754796553403139
2,0.7466415204107761
3,0.8980036415159702
4,1.1222967747598886
5,1.0923779550939798
