Index, run_time
1,276.8457331676036
2,279.8931072242558
3,288.0215568803251
4,290.3711727093905
5,285.1145165488124
