Index, run_time
1,362.80013468675315
2,445.20051188766956
3,481.44165416806936
4,531.8879777230322
5,638.0984669327736
