Index, run_time
0,347.85344163374975
1,624.9525999459438
2,857.3837322923355
3,1253.5103151318617
4,2160.9150711195543
