Index, run_time
0,0.014416229911148548
1,0.008651312906295061
2,0.008020267821848392
3,0.007664636243134737
4,0.009254620876163244
