Index, run_time
0,0.04881172580644488
1,0.03586166584864259
2,0.03841583617031574
3,0.0407379986718297
4,0.03983539994806051
