Index, run_time
0,3841.513957319781
0,208.35476926527917
1,768.1911297142506
1,37.07430222444236
2,628.5903419423848
3,701.1718820314854
4,711.4589701779187
5,599.3122136387974
