Index, run_time
0,11038.702915238217
1,1982.2042842246592
1,1969.0022970475256
2,1536.2912429776043
3,1819.7100992333144
4,1501.9195102956146
5,1547.2591709978878
