Index, run_time
1,25.152530375868082
2,33.39307459257543
3,34.89317092485726
4,34.743301536887884
5,42.091993330046535
