Index, run_time
0,0.2946843523532152
1,0.06479007750749588
2,0.06134285777807236
3,0.05405539274215698
4,0.05543343536555767
