Index, run_time
0,0.011013263836503029
1,0.007996657863259315
2,0.00812549889087677
3,0.007366657257080078
4,0.008822951465845108
