Index, run_time
0,0.008010737597942352
1,0.007971156388521194
2,0.007800888270139694
3,0.0077252257615327835
4,0.00760357640683651
