Index, run_time
0,0.009223606437444687
1,0.008851971477270126
2,0.008270304650068283
3,0.00806715339422226
4,0.008156633004546165
