Index, run_time
0,0.17871863581240177
1,0.2078697718679905
2,0.3564653228968382
3,0.2749268729239702
4,0.14137133955955505
