Index, run_time
0,0.02620157226920128
1,0.028135200962424278
2,0.043268339708447456
3,0.035608572885394096
4,0.03792409971356392
