Index, run_time
1,54.33041153475642
2,53.31482831388712
3,53.0143894162029
4,58.32389131933451
5,47.451303500682116
