Index, run_time
1,81.29637662507594
2,102.49042766727507
3,121.13240778259933
4,118.61302207224071
5,100.51182940043509
