Index, run_time
0,0.20451386459171772
1,0.1459176503121853
2,0.1784318909049034
