Index, run_time
0,0.023504160344600677
1,0.0260680690407753
2,0.024750251322984695
