Index, run_time
0,0.022763486951589584
1,0.007073782384395599
2,0.014650502242147923
