Index, run_time
0,0.3319420590996742
1,0.12630047649145126
2,0.2770797945559025
