Index, run_time
0,6.63412051089108
1,6.362583490088582
2,6.342530347406864
3,6.421151464805007
4,5.571395667269826
0,0.5099116023629904
1,0.36370888352394104
2,0.36399836279451847
3,0.3619270920753479
4,0.36062424816191196
