Index, run_time
0,0.008464274927973747
1,0.007645737379789352
2,0.007748208940029144
3,0.006973862648010254
4,0.0070704445242881775
0,0.0077096447348594666
1,0.006926761940121651
2,0.0068275779485702515
3,0.006665144115686417
4,0.006840333342552185
