Index, run_time
0,0.04044715687632561
1,0.0696392972022295
2,0.06398152001202106
3,0.07528841309249401
4,0.07586281187832355
