Index, run_time
0,0.008668025955557823
1,0.007858006283640862
2,0.007503427565097809
3,0.007192317396402359
4,0.007116386666893959
