Index, run_time
0,0.044657621532678604
1,0.035266220569610596
2,0.04163973592221737
3,0.04885761998593807
4,0.039104364812374115
