Index, run_time
0,0.009296029806137085
1,0.008123515173792839
2,0.00768892839550972
3,0.007460903376340866
4,0.007357126101851463
