Index, run_time
0,0.04189199209213257
1,0.046808406710624695
2,0.037843573838472366
3,0.04563775472342968
4,0.042042326182127
