Index, run_time
0,0.00867505744099617
1,0.007950054481625557
2,0.007503347471356392
3,0.00731387734413147
4,0.007272345945239067
