Index, run_time
0,0.04101727157831192
1,0.03718554228544235
2,0.03661275655031204
3,0.03618177957832813
4,0.036904964596033096
