Index, run_time
0,0.02460152469575405
1,0.008481984958052635
2,0.008096987381577492
3,0.007731111720204353
4,0.007547041401267052
