Index, run_time
1,248.72699367441237
2,302.39288510754704
3,370.90641816332936
4,431.85655792430043
5,425.9891988299787
