Index, run_time
1,162.06808775663376
2,153.7832908872515
3,165.01956877484918
4,179.89318907260895
5,146.01304193772376
