Index, run_time
0,139.33848276175559
1,226.66546572186053
2,244.6421806719154
3,177.92136557213962
4,154.10274238698184
