Index, run_time
0,94.28533719480038
1,92.7078095022589
2,84.73475531674922
3,82.42078720778227
4,52.79804600030184
