Index, run_time
0,572.2617792095989
1,100.27908225357533
2,112.81933723948896
3,114.86284397728741
4,105.2387648075819
5,113.44133149273694
