Index, run_time
0,1703.7340902797878
1,362.8478358145803
2,343.64774355478585
3,351.443647287786
4,342.9874451197684
5,420.7002313975245
