Index, run_time
0,7007.936406450346
1,1375.0018146764487
2,1376.80384032242
3,1390.841086883098
4,1301.7688405569643
5,994.5284750666469
