Index, run_time
0,1964.5490491352975
1,458.8161806277931
2,456.7524743936956
3,456.34519654512405
4,458.6031288895756
5,341.1142708770931
