Index, run_time
0,0.41952336207032204
1,0.17102584429085255
2,0.1888672187924385
3,0.16413234174251556
4,0.42097545601427555
