Index, run_time
0,0.007566900923848152
1,0.007025551050901413
2,0.007094943895936012
3,0.014424940571188927
4,0.026452867314219475
