Index, run_time
0,0.007008176296949387
1,0.007095029577612877
2,0.007278939709067345
3,0.007028333842754364
4,0.007190076634287834
