Index, run_time
0,0.008652620017528534
1,0.007267743349075317
2,0.0074011292308568954
3,0.01522521860897541
4,0.007459662854671478
