Index, run_time
0,0.21541985869407654
1,0.1583282332867384
2,0.16206450387835503
3,0.13561772368848324
4,0.3228896912187338
