Index, run_time
0,0.31552165001630783
1,0.3296856787055731
2,0.17935249023139477
3,0.2284290287643671
4,0.11605965718626976
