Index, run_time
0,0.008436406031250954
1,0.0565212108194828
2,0.017163626849651337
3,0.022545287385582924
4,0.007290801033377647
