Index, run_time
0,0.008040579035878181
1,0.007474036887288094
2,0.022411484271287918
3,0.006494004279375076
4,0.023661527782678604
