Index, run_time
0,0.00812792219221592
1,0.006893821060657501
2,0.0074090659618377686
3,0.006874315440654755
4,0.006907826289534569
