Index, run_time
0,0.2946815714240074
1,0.3301060302183032
