Index, run_time
0,0.4721021559089422
1,0.3378397040069103
