Index, run_time
0,0.4323962954804301
1,0.25599180534482
