Index, run_time
0,0.28443167451769114
1,0.2793850312009454
