Index, run_time
0,0.022889552637934685
1,0.013666102662682533
