Index, run_time
0,0.007499140687286854
1,0.022435110062360764
