Index, run_time
0,0.014360078610479832
1,0.025822240859270096
