Index, run_time
0,0.007828054949641228
1,0.012903296388685703
