Index, run_time
0,0.007159054279327393
1,0.022809798829257488
