Index, run_time
0,1068.2981944531202
1,1165.7157877124846
2,1546.5812010597438
3,1729.5316239595413
4,2007.007567744702
5,2187.5857255551964
