Index, run_time
0,1528.2976592890918
1,280.41156772337854
2,307.1542743574828
3,337.1423128955066
4,343.7202886734158
5,302.45723384432495
