Index, run_time
0,0.06395041383802891
1,0.06811700807884336
2,0.1078087049536407
3,0.09439712576568127
4,0.0920187309384346
