Index, run_time
0,0.09084308613091707
1,0.08703268924728036
2,0.08587147621437907
3,0.03634854918345809
4,0.032078919000923634
