Index, run_time
0,0.008708233945071697
1,0.013708112761378288
2,0.018220027908682823
3,0.007789592258632183
4,0.0075780171900987625
