Index, run_time
0,0.05291674705222249
1,0.0732974917627871
2,0.06702206516638398
3,0.12243894627317786
4,0.07327599404379725
