Index, run_time
0,0.01234743231907487
1,0.008150550071150064
2,0.007870067842304707
3,0.007649939972907305
4,0.0075781201012432575
