Index, run_time
0,0.01286869216710329
1,0.009159004781395197
2,0.00838920520618558
3,0.008453181013464928
4,0.007718461100012064
