Index, run_time
0,0.010149299632757902
1,0.008219009265303612
2,0.016497289296239614
3,0.01051566656678915
4,0.007473962847143412
