Index, run_time
0,0.06739024678245187
1,0.03728759568184614
2,0.035373575054109097
3,0.03522376297041774
4,0.034033061005175114
