Index, run_time
0,0.18267553951591253
1,0.2811945378780365
