Index, run_time
0,0.00681981910020113
1,0.01359900925308466
