Index, run_time
0,0.0074600595980882645
1,0.02608318440616131
