Index, run_time
0,0.20445025898516178
1,0.3001207383349538
