Index, run_time
0,0.0072313155978918076
1,0.014413172379136086
