Index, run_time
0,0.01205744594335556
1,0.0070914169773459435
