Index, run_time
0,0.18428476247936487
1,0.2895001359283924
