Index, run_time
0,0.03613415081053972
1,0.032240573316812515
