Index, run_time
0,0.3035754216834903
1,0.39076821599155664
