Index, run_time
0,0.029106746427714825
1,0.037812527269124985
