Index, run_time
0,0.025915159843862057
1,0.03258492611348629
