Index, run_time
0,0.1579790972173214
1,0.22666114568710327
