Index, run_time
0,0.16280370950698853
1,0.23588016256690025
