Index, run_time
0,0.025216614827513695
1,0.030141327530145645
2,0.0284050814807415
3,0.04235665686428547
4,0.024991102516651154
