Index, run_time
0,0.033754562959074974
1,0.038675278425216675
2,0.029722288250923157
3,0.032431649044156075
4,0.031046848744153976
