Index, run_time
0,0.009938782081007957
1,0.008220154792070389
2,0.007907826453447342
3,0.007959967479109764
4,0.00781337358057499
