Index, run_time
0,53.28781106788665
1,47.08445830224082
2,44.27019602665678
3,52.15146010229364
4,50.14257493568584
