Index, run_time
0,864.0198487830348
1,1375.3318359018303
2,2232.5955330603756
3,2787.2131478292868
4,4497.439887597691
