Index, run_time
0,291.271580632776
1,38.55845845118165
2,35.02239806205034
3,35.13240843266249
4,53.758853899315
5,48.23173222690821
