Index, run_time
0,0.08068576827645302
1,0.0355658084154129
2,0.041490232571959496
3,0.034763507544994354
4,0.042363518849015236
