Index, run_time
0,0.008855300024151802
1,0.008935188874602318
2,0.0147665124386549
3,0.008114717900753021
4,0.008043799549341202
