Index, run_time
0,0.008647479116916656
1,0.008814660832285881
2,0.008413437753915787
3,0.008248141035437584
4,0.008103704079985619
