Index, run_time
0,0.048606496304273605
1,0.05699381232261658
2,0.05766479671001434
3,0.05269916541874409
4,0.04498852603137493
