Index, run_time
0,0.008780380710959435
1,0.016645511612296104
2,0.009099457412958145
3,0.015655655413866043
4,0.0106302909553051
