Index, run_time
0,0.010988105088472366
1,0.009140640497207642
2,0.0077615417540073395
3,0.007870590314269066
4,0.008105399087071419
