Index, run_time
0,47.83423787727952
1,39.226956736296415
2,38.10065998136997
3,37.506823882460594
4,34.52055198326707
