Index, run_time
0,17.93726055882871
1,32.122559770941734
2,178.38874877803028
3,44.23538654483855
4,73.23673374950886
