Index, run_time
0,0.01794043928384781
1,0.006732333451509476
2,0.0068558938801288605
3,0.02596413902938366
4,0.02498026005923748
