Index, run_time
0,0.74571543186903
1,0.30062697269022465
2,0.39797944761812687
3,0.32400935515761375
4,0.1591363213956356
