Index, run_time
0,0.015084873884916306
1,0.007329024374485016
2,0.0074980780482292175
3,0.0068747494369745255
4,0.014809960499405861
