Index, run_time
0,0.5801557414233685
1,0.19461914896965027
2,0.1416748445481062
3,0.2168778907507658
4,0.15822317078709602
