Index, run_time
0,0.5574424769729376
1,0.15208746306598186
2,0.18179995752871037
3,0.23880021274089813
4,0.12522393465042114
