Index, run_time
0,0.006693899631500244
1,0.00670488178730011
2,0.013795295730233192
3,0.0070732273161411285
4,0.007278295233845711
