Index, run_time
0,0.007389962673187256
1,0.007100887596607208
2,0.007131364196538925
3,0.008242696523666382
4,0.00785491056740284
