Index, run_time
0,0.16971692815423012
1,0.24528343603014946
2,0.37288177758455276
3,0.2362089566886425
4,0.3164582420140505
