Index, run_time
0,0.0070180222392082214
1,0.02011045627295971
2,0.007155869156122208
3,0.0076649729162454605
4,0.007070695981383324
