Index, run_time
0,0.4833929631859064
1,0.3830569926649332
2,0.38103084824979305
3,0.4548924546688795
4,0.2518220543861389
