Index, run_time
0,0.37229969538748264
1,0.2176077663898468
2,0.21157880127429962
3,0.2546391524374485
4,0.22022580355405807
