Index, run_time
0,0.008089933544397354
1,0.00738026387989521
2,0.007157260552048683
3,0.011677982285618782
4,0.0072141382843256
