Index, run_time
0,0.20882645808160305
1,0.1543765291571617
2,0.23017566464841366
3,0.2276874203234911
4,0.2281126920133829
