Index, run_time
0,0.00803953967988491
1,0.007596123963594437
2,0.00746755488216877
3,0.006833979859948158
4,0.007423499599099159
