Index, run_time
0,55.29330287221819
1,51.32889303006232
2,48.862431504298
3,54.3493264275603
4,42.52208536397666
