Index, run_time
0,2813.645364020951
1,3316.8702651811764
2,3078.83808491705
3,2796.6287972978316
4,2684.7873040088452
