Index, run_time
0,0.0696285329759121
1,0.0599178671836853
2,0.03990562446415424
3,0.05591746047139168
4,0.004519402980804443
