Index, run_time
0,0.09514601901173592
1,0.16547922976315022
2,0.17735751532018185
3,0.07841094955801964
4,0.0961160771548748
