Index, run_time
0,0.008250514045357704
1,0.009623575955629349
2,0.010801240801811218
3,0.012247180566191673
4,0.02114534005522728
