Index, run_time
0,0.008407704532146454
1,0.040767233818769455
2,0.008624687790870667
3,0.008484233170747757
4,0.016650067642331123
