Index, run_time
0,0.04830922931432724
1,0.10101764276623726
2,0.11695478111505508
3,0.0533150564879179
4,0.055671898648142815
