Index, run_time
0,0.008347664028406143
1,0.008456496521830559
2,0.011106505990028381
3,0.010294023901224136
4,0.009327897801995277
