Index, run_time
0,0.1386503465473652
1,0.3258454166352749
2,0.1609521135687828
3,0.07180691137909889
4,0.07245664484798908
