Index, run_time
0,0.03685533627867699
1,0.008118156343698502
2,0.008113265037536621
3,0.008153168484568596
4,0.033927569165825844
