Index, run_time
0,1.5950780175626278
1,1.00378886051476
2,0.9629589598625898
3,0.8430415038019419
4,0.9324273858219385
0,1.1314609460532665
1,0.9198612850159407
2,1.1312531791627407
3,1.0095707550644875
4,0.5864233132451773
