Index, run_time
0,0.03413078561425209
1,0.09378796070814133
2,0.031232800334692
3,0.03103082999587059
4,0.03139621764421463
5,0.03730089217424393
6,0.031067563220858574
7,0.030260533094406128
8,0.029883598908782005
9,0.03637963905930519
