Index, run_time
0,0.012991122901439667
1,0.010109281167387962
2,0.009319111704826355
3,0.00947510451078415
4,0.011588696390390396
5,0.008821291849017143
6,0.008855339139699936
7,0.008844990283250809
8,0.009033627808094025
9,0.008748441934585571
