Index, run_time
0,0.007943784818053246
1,0.007692884653806686
2,0.012779705226421356
3,0.008208001032471657
4,0.007995713502168655
