Index, run_time
0,0.6101355161517859
1,0.6134991850703955
2,0.27297590486705303
3,0.17606887593865395
4,0.19352844916284084
