Index, run_time
0,0.008010612800717354
1,0.007927153259515762
2,0.008088165894150734
3,0.007226781919598579
4,0.0071489643305540085
