Index, run_time
0,0.3418880347162485
1,0.5837128031998873
2,0.17513802461326122
3,0.22478038258850574
4,0.2306413482874632
