Index, run_time
0,0.009587517008185387
1,0.007277851924300194
2,0.022170498967170715
3,0.007053619250655174
4,0.007119661197066307
