Index, run_time
0,4.233025748282671
1,2.3382338006049395
2,2.0323341879993677
3,2.2395262345671654
4,2.6368977930396795
