Index, run_time
0,2.79353666305542
1,2.886743323877454
2,2.4494364485144615
3,2.421688364818692
4,3.155715925619006
