Index, run_time
0,2.5657773315906525
1,2.0834904480725527
2,2.407374808564782
3,2.3252923004329205
4,2.0228636916726828
