Index, run_time
0,0.020574919879436493
1,0.009799199178814888
2,0.007216589525341988
3,0.007441140711307526
4,0.007215520367026329
