Index, run_time
0,2.6307689752429724
1,2.074226329103112
2,1.8859383221715689
3,1.9924829863011837
4,1.949076309800148
