Index, run_time
0,17.366112070158124
1,0.0078084710985422134
2,0.007351575419306755
3,0.007504088804125786
4,0.023659715428948402
0,0.06733859702944756
1,0.008265908807516098
2,0.008583633229136467
3,0.04014548473060131
4,0.013786911964416504
