Index, run_time
0,0.009655719622969627
1,0.007671147584915161
2,0.0074050165712833405
3,0.013501694425940514
4,0.00710635632276535
