Index, run_time
0,0.01434919610619545
1,0.06374388188123703
2,0.034423280507326126
3,0.0171357411891222
4,0.006347548216581345
