Index, run_time
0,0.010018743574619293
1,0.008646238595247269
2,0.03191378712654114
3,0.008221374824643135
4,0.007520981132984161
