Index, run_time
0,0.13441305793821812
1,0.08700914867222309
2,0.14916105940937996
3,0.25511220283806324
4,0.2526015639305115
