Index, run_time
0,0.009506331756711006
1,0.0327037088572979
2,0.013216698542237282
3,0.008600655943155289
4,0.008570363745093346
