Index, run_time
0,0.008889168500900269
1,0.010556600987911224
2,0.008097359910607338
3,0.008022846654057503
4,0.011050466448068619
