Index, run_time
0,0.027700593695044518
1,0.03650996647775173
2,0.04117433726787567
3,0.038121094927191734
4,0.03716685250401497
