Index, run_time
0,0.009380025789141655
1,0.008609436452388763
2,0.008726229891180992
3,0.008535750210285187
4,0.008259939029812813
