Index, run_time
0,8.268257161020301
1,9.762919978005812
2,11.155808181036264
3,12.623232504935004
4,21.82664896105416
5,24.209790998022072
