Index, run_time
0,25.488852435722947
0,2.30042215436697
0,2.767958017066121
0,2.1323062516748905
0,9.462215024977922
0,1.873747318983078
0,4.252220818772912
0,4.722706595435739
1,5.6505400240421295
2,6.050885282456875
3,4.655789712443948
4,6.096301386132836
5,6.320862218737602
0,1.5839469409547746
1,0.3218393820570782
2,0.33944787399377674
3,0.40691329003311694
4,0.4796678760321811
5,0.4096855949610472
0,1.5745245110010728
0,1.5748079670593143
0,1.5736486510140821
0,1.57822817703709
0,1.5758016450563446
0,1.572610564995557
1,0.3208592589944601
2,0.3929298761067912
3,0.3822291209362447
4,0.3812716519460082
5,0.3194854489993304
0,1.5791746749309823
1,0.3208228620933369
2,0.329895930015482
3,0.32266819395590574
4,0.3295271380338818
5,0.3163680440047756
0,1.5886135059408844
