Index, run_time
0,53.050005255267024
1,43.399588622152805
2,39.360130701214075
3,40.30168017372489
4,34.831254199147224
