Index, run_time
0,111.75357184000313
1,119.01119893789291
2,121.78256839700043
3,120.51854394376278
4,125.1380028501153
