Index, run_time
0,0.014861119911074638
1,0.0077877771109342575
2,0.007382368668913841
3,0.007401915267109871
4,0.0073816049844026566
