Index, run_time
0,0.22805255465209484
1,0.039736855775117874
2,0.039350396022200584
3,0.03933464176952839
4,0.03651939705014229
