Index, run_time
0,42.12953867763281
1,6.028824022039771
2,13.603355776518583
3,9.535671707242727
4,6.2815639562904835
5,7.54160388931632
