Index, run_time
0,1.5213509369641542
1,1.0708137601613998
2,1.1300151217728853
3,1.1279278472065926
4,1.0940687041729689
