Index, run_time
0,0.007544642314314842
1,0.01378360390663147
2,0.006600908935070038
3,0.006997471675276756
4,0.006473040208220482
