Index, run_time
0,0.013494635000824928
1,0.007378479465842247
2,0.007428230717778206
3,0.007387520745396614
4,0.0072507672011852264
