Index, run_time
0,1.6929060872644186
1,1.6234763655811548
2,1.6274001244455576
3,1.5963077992200851
4,1.6220445465296507
