Index, run_time
0,0.026888979598879814
1,0.030321596190333366
2,0.033707987517118454
3,0.03210477717220783
4,0.03523913584649563
