Index, run_time
0,0.008640376850962639
1,0.008070839568972588
2,0.007941650226712227
3,0.007592737674713135
4,0.0073968879878520966
