Index, run_time
0,0.13707292266190052
1,0.18647277541458607
2,0.09921888634562492
3,0.09594127722084522
4,0.09718327596783638
