Index, run_time
0,0.008511489257216454
1,0.008435029536485672
2,0.008593006059527397
3,0.00860302709043026
4,0.008556867018342018
