Index, run_time
0,0.08356101624667645
1,0.02503320202231407
2,0.029207425191998482
3,0.021021811291575432
4,0.024840664118528366
