Index, run_time
0,0.00839538685977459
1,0.008439375087618828
2,0.016149042174220085
3,0.008279707282781601
4,0.008564388379454613
