Index, run_time
0,0.008416203781962395
1,0.00814281590282917
2,0.008092552423477173
3,0.008576340973377228
4,0.007768621668219566
