Index, run_time
0,0.07325823605060577
1,0.06802910380065441
2,0.0884791798889637
3,0.12148316018283367
4,0.1475099790841341
