Index, run_time
0,0.12081785127520561
1,0.03814695216715336
2,0.05892286263406277
3,0.04419849254190922
4,0.0732172280550003
