Index, run_time
0,3.7708900161087513
1,3.9425254855304956
2,3.371905092149973
3,3.7894580345600843
4,2.909622000530362
0,2.144166497513652
1,1.0697124749422073
2,1.2286656275391579
3,1.1619505807757378
4,1.5279275048524141
