Index, run_time
0,0.019914312288165092
1,0.007509022951126099
2,0.007641658186912537
3,0.007392991334199905
4,0.0074214208871126175
0,0.01189461536705494
1,0.008366812020540237
2,0.007749810814857483
3,0.007822763174772263
4,0.008706184104084969
