Index, run_time
0,6.229341320693493
1,7.901659917086363
2,5.279946103692055
3,4.6785703636705875
4,5.4157659858465195
0,2.398773280903697
1,1.5419188905507326
2,1.0435183104127645
3,1.409622022882104
4,0.9752636682242155
