Index, run_time
1,104.30096976831555
2,111.66972817108035
3,122.12649303488433
4,160.15983108989894
5,121.62204845808446
