Index, run_time
1,73.28618100099266
2,56.37244728207588
3,59.27177554741502
4,76.55291515402496
5,48.60018904693425
