Index, run_time
0,5.410308051854372
1,4.696187907829881
2,4.969291789457202
3,3.4733225349336863
4,3.083213059231639
0,1.9141616728156805
1,0.7682907469570637
2,1.5193488467484713
3,1.4265829715877771
4,2.092070445418358
