Index, run_time
0,0.015311354771256447
1,0.0074765644967556
2,0.007728796452283859
3,0.0074158236384391785
4,0.007454197853803635
0,0.010163582861423492
1,0.006821798160672188
2,0.006674190983176231
3,0.007388964295387268
4,0.00863427110016346
