Index, run_time
0,0.008170915767550468
1,0.008234851062297821
2,0.008533705025911331
3,0.008145097643136978
4,0.008200360462069511
