Index, run_time
0,0.008451003581285477
1,0.010126926004886627
2,0.008084828034043312
3,0.019197039306163788
4,0.008301431313157082
