Index, run_time
0,0.12213919311761856
1,0.0701657235622406
2,0.10958627238869667
3,0.337830625474453
4,0.38487473875284195
