Index, run_time
0,0.008355502039194107
1,0.008149852976202965
2,0.007725987583398819
3,0.015588423237204552
4,0.027858344838023186
