Index, run_time
0,0.11097176373004913
1,0.0702173002064228
2,0.10308731347322464
3,0.10539938695728779
4,0.04245007410645485
