Index, run_time
0,0.024155935272574425
1,0.00828181579709053
2,0.008338119834661484
3,0.008287662640213966
4,0.05283757671713829
