Index, run_time
0,0.09924149140715599
1,0.09808661229908466
2,0.044895272701978683
3,0.10420215502381325
4,0.05439358949661255
