Index, run_time
0,0.11595109291374683
1,0.04962588846683502
2,0.08674168027937412
3,0.1903489138931036
4,0.04362085834145546
