Index, run_time
0,0.00900010159239173
1,0.00833763275295496
2,0.007742931134998798
3,0.007521042134612799
4,0.007491271942853928
