Index, run_time
0,0.009918230585753918
1,0.008620284963399172
2,0.00795312924310565
3,0.007811859715729952
4,0.007567287888377905
