Index, run_time
0,0.047395594883710146
1,0.036165273282676935
2,0.03779364796355367
3,0.035578619223088026
4,0.038750775158405304
