Index, run_time
0,0.06631051376461983
1,0.034555240999907255
2,0.03963433066383004
3,0.03753061592578888
4,0.043176598846912384
