Index, run_time
0,11.092126308940351
1,2.9542449139989913
2,3.109329738188535
3,2.9697985141538084
4,3.2448461861349642
5,3.2641983781941235
