Index, run_time
0,69.5220570829697
1,5.210008968133479
2,3.7233937052078545
3,3.497516362927854
4,3.92095044022426
5,2.8777729528956115
