Index, run_time
0,0.016343316063284874
1,0.00911233015358448
2,0.013433992862701416
3,0.014682089909911156
4,0.008227163925766945
