Index, run_time
0,0.07396979816257954
1,0.028613779693841934
2,0.07952195033431053
3,0.03864772245287895
4,0.046031927689909935
5,0.0077179670333862305
6,0.009217754006385803
7,0.00535053014755249
8,0.005795549601316452
9,0.005527239292860031
10,0.03924966789782047
11,0.11595388315618038
12,0.15368779003620148
13,0.1365461517125368
14,0.13551443815231323
15,0.07701011002063751
16,0.06183144077658653
17,0.05638602375984192
18,0.06776827946305275
19,0.06527177430689335
20,0.07186455652117729
21,0.0643354058265686
22,0.06226458214223385
23,0.05556294322013855
24,0.07541595958173275
25,0.0476948544383049
26,0.059116361662745476
27,0.05910017155110836
28,0.06668541394174099
29,0.05994184873998165
30,0.0751486960798502
31,0.06456645391881466
32,0.0671104621142149
33,0.06433184817433357
34,0.06692037172615528
35,0.07130053639411926
36,0.07072227075695992
37,0.0706933606415987
38,0.0486911591142416
39,0.042700622230768204
40,0.02676072157919407
41,0.05097523331642151
42,0.04555206745862961
43,0.049237897619605064
44,0.08660524897277355
45,0.09957331605255604
46,0.1011147890239954
47,0.09584800526499748
48,0.11070612072944641
49,0.09624776616692543
50,0.09951493702828884
51,0.10229046270251274
52,0.09927432797849178
53,0.09657409228384495
54,0.0953125786036253
55,0.12017578259110451
56,0.09665372408926487
57,0.08693628013134003
58,0.0754358358681202
59,0.046152517199516296
60,0.04835834912955761
61,0.08841512352228165
62,0.08346734009683132
63,0.07423700205981731
64,0.08928528614342213
