Index, run_time
0,0.015507763717323542
1,0.008246798999607563
2,0.007574679795652628
3,0.0075675020925700665
4,0.007532251998782158
