Index, run_time
0,0.04257773095741868
1,0.033160013146698475
2,0.03295773593708873
3,0.03561725886538625
4,0.03480686480179429
