Index, run_time
0,0.012356488965451717
1,0.008133484981954098
2,0.007674625143408775
3,0.007551949005573988
4,0.007512206211686134
