Index, run_time
0,0.016890520695596933
1,0.008014964871108532
2,0.008048342075198889
3,0.007980369962751865
4,0.00781554589048028
