Index, run_time
0,0.04412664473056793
1,0.03966773068532348
2,0.038666505832225084
3,0.03852943517267704
4,0.029121201019734144
