Index, run_time
0,19.52233076095581
1,26.717810155823827
2,33.22582428716123
3,40.19980382360518
4,39.170886462554336
