Index, run_time
0,3.971047732979059
1,2.9196437504142523
2,2.3996315002441406
3,2.4774767886847258
4,2.0153494011610746
