Index, run_time
0,0.220245948061347
1,1.087928544729948
2,0.7000471614301205
3,0.16385548375546932
4,0.1632680408656597
