Index, run_time
0,0.2491714432835579
1,0.23234595730900764
2,0.21324711292982101
3,0.1894412264227867
4,0.18899652734398842
