Index, run_time
0,0.006727319210767746
1,0.006766762584447861
2,0.0067601799964904785
3,0.0066651832312345505
4,0.006703004240989685
