Index, run_time
0,0.007534774020314217
1,0.007376866415143013
2,0.007803775370121002
3,0.010551411658525467
4,0.007321974262595177
