Index, run_time
0,0.008007239550352097
1,0.007972000166773796
2,0.007760483771562576
3,0.007292702794075012
4,0.013607323169708252
