Index, run_time
0,2.9876827355474234
1,2.3720971271395683
2,2.238742345944047
3,2.405039705336094
4,2.596687685698271
