Index, run_time
0,0.1369959618896246
1,0.0072825197130441666
2,0.007137356325984001
3,0.007021881639957428
4,0.007075311616063118
