Index, run_time
0,0.21166029386222363
1,0.3235986065119505
2,0.20433829724788666
3,0.25518313981592655
4,0.17952732741832733
