Index, run_time
0,0.00660027377307415
1,0.0072134677320718765
2,0.006869880482554436
3,0.006645495072007179
4,0.006577879190444946
