Index, run_time
0,0.009776338934898376
1,0.007236270233988762
2,0.006854631006717682
3,0.0068062543869018555
4,0.006812157109379768
