Index, run_time
0,0.007924150675535202
1,0.00801328755915165
2,0.014443786814808846
3,0.006535334512591362
4,0.0074165333062410355
