Index, run_time
0,0.15153690986335278
1,0.344801502302289
2,0.2018940281122923
3,0.12488488294184208
4,0.1845086459070444
