Index, run_time
0,0.1303988453000784
1,0.24307755939662457
2,0.1475768405944109
3,0.09990223497152328
4,0.14333680644631386
