Index, run_time
0,0.26526501029729843
1,0.3406245745718479
2,0.20082418993115425
3,0.1420775093138218
4,0.20814388059079647
