Index, run_time
0,0.3556111752986908
1,0.5625566560775042
2,0.2443133480846882
3,0.16648614034056664
4,0.27356359362602234
