Index, run_time
0,0.1593107394874096
1,0.1908393744379282
2,0.20862946100533009
3,0.16109945997595787
4,0.20784833654761314
