Index, run_time
0,0.008867891505360603
1,0.007526066154241562
2,0.007199816405773163
3,0.007005855441093445
4,0.007065491750836372
