Index, run_time
0,0.008637936785817146
1,0.007263988256454468
2,0.007502999156713486
3,0.006894310936331749
4,0.0067851245403289795
