Index, run_time
0,0.2034330926835537
1,0.16206609830260277
2,0.14453466050326824
3,0.14724686741828918
4,0.14550847746431828
