Index, run_time
0,0.007951293140649796
1,0.007748983800411224
2,0.00705675408244133
3,0.007944837212562561
4,0.006824532523751259
