Index, run_time
0,0.007198819890618324
1,0.007338615134358406
2,0.0071928370743989944
3,0.007028916850686073
4,0.0069448091089725494
