Index, run_time
0,0.013019387144595385
1,0.00807866221293807
2,0.008193857967853546
3,0.007934440858662128
4,0.007490343879908323
