Index, run_time
0,0.04353220388293266
1,0.03745428007096052
2,0.03591765696182847
3,0.02999089378863573
4,0.030698758084326982
