Index, run_time
0,0.03861731989309192
1,0.03677547303959727
2,0.032126881182193756
3,0.04993856279179454
4,0.05623527243733406
