Index, run_time
0,0.012957831844687462
1,0.008000806905329227
2,0.01817322801798582
3,0.007537263911217451
4,0.007647756952792406
