Index, run_time
0,15.031989407259971
1,0.9204278653487563
2,0.9206375391222537
3,0.9456288977526128
4,0.9349387302063406
5,0.7627072050236166
