Index, run_time
0,2.3301096968352795
1,0.6201241668313742
2,0.6547498852014542
3,0.7694321968592703
4,0.6964679849334061
5,0.7715865150094032
