Index, run_time
0,0.008324708789587021
1,0.007390335202217102
2,0.007485050708055496
3,0.007338019087910652
4,0.00733414851129055
