Index, run_time
0,0.24972552433609962
1,0.23107829131186008
2,0.1546069011092186
3,0.3467993624508381
4,0.15671340376138687
