Index, run_time
0,0.2018796093761921
1,0.21735042333602905
2,0.16081158630549908
3,0.14334183558821678
4,0.17552127316594124
