Index, run_time
0,0.13893495313823223
1,0.22779491357505322
2,0.21939804777503014
3,0.19691132009029388
4,0.20243513025343418
