Index, run_time
0,0.13884572498500347
1,0.2739432491362095
2,0.20922282710671425
3,0.20689543895423412
4,0.18818293325603008
