Index, run_time
0,0.4996732771396637
1,0.4204537272453308
2,0.515386488288641
3,0.2499592136591673
4,0.3073396775871515
