Index, run_time
0,0.006876315921545029
1,0.006808457896113396
2,0.007151966914534569
3,0.006881948560476303
4,0.00695585273206234
