Index, run_time
0,0.1695471964776516
1,0.1703943945467472
2,0.08346938528120518
3,0.17832595482468605
4,0.08149494789540768
