Index, run_time
0,0.008164234459400177
1,0.007387753576040268
2,0.03346702270209789
3,0.007294034585356712
4,0.007107589393854141
