Index, run_time
0,0.008530039340257645
1,0.010704539716243744
2,0.007434014230966568
3,0.007776856422424316
4,0.016232669353485107
