Index, run_time
0,0.3910095598548651
1,0.5090767201036215
2,0.21568146347999573
3,0.35885349474847317
4,0.15163248218595982
