Index, run_time
0,0.006908729672431946
1,0.007251523435115814
2,0.007129410281777382
3,0.007030081003904343
4,0.007016491144895554
