Index, run_time
0,0.17964828945696354
1,0.9044582322239876
2,0.3083479329943657
3,0.21434137597680092
4,0.22225689701735973
