Index, run_time
0,0.008034830912947655
1,0.00786421075463295
2,0.006981691345572472
3,0.006583476439118385
4,0.0072183310985565186
