Index, run_time
0,0.021852850914001465
1,0.028305014595389366
2,0.0073670800775289536
3,0.03950667195022106
4,0.006895558908581734
