Index, run_time
0,30.125085044652224
1,2.8959649596363306
2,14.958204159513116
3,3.0883246641606092
4,3.199328264221549
5,5.973847195506096
