Index, run_time
0,410.52062301011756
1,329.24548645084724
2,313.3238006471656
3,341.1367082889192
4,282.1967896311544
