Index, run_time
0,0.04539703018963337
1,0.03883667988702655
2,0.037343024741858244
3,0.035253732930868864
4,0.03592654690146446
5,0.036863057874143124
6,0.035717927385121584
7,0.0484363310970366
8,0.040333653800189495
9,0.03664692910388112
10,0.03690703306347132
11,0.03726588934659958
12,0.034014453180134296
13,0.035809296648949385
14,0.03623248403891921
15,0.03520076489076018
16,0.03645375510677695
17,0.03711129818111658
18,0.03907345002517104
19,0.03652978129684925
20,0.039582615718245506
21,0.03633702173829079
22,0.03835145104676485
23,0.03869181405752897
24,0.034344473853707314
25,0.037475625053048134
26,0.03274739719927311
27,0.03391141723841429
28,0.034318221267312765
29,0.035227217711508274
30,0.03455727826803923
31,0.03602030919864774
32,0.03591242479160428
33,0.03590164612978697
34,0.03572922199964523
35,0.03598362626507878
36,0.03519923938438296
37,0.038305492140352726
38,0.03617148194462061
39,0.04032897483557463
40,0.044823652133345604
41,0.04288229392841458
42,0.04116655606776476
43,0.039886648301035166
44,0.03961557662114501
45,0.03932918608188629
46,0.03878638707101345
47,0.03852145839482546
48,0.03468751488253474
49,0.033483562991023064
50,0.03673978988081217
51,0.035988316871225834
52,0.035181565675884485
53,0.03480317909270525
54,0.03749512927606702
55,0.03887499263510108
56,0.04227849096059799
57,0.04162743594497442
58,0.08000180125236511
59,0.07866297289729118
60,0.08444826165214181
61,0.07709718495607376
62,0.09105193428695202
63,0.03908970532938838
64,0.047842344269156456
