Index, run_time
0,0.01792201306670904
1,0.009086903184652328
2,0.0081901247613132
3,0.007778349798172712
4,0.007723678834736347
