Index, run_time
0,0.00987260788679123
1,0.007940238807350397
2,0.007928197272121906
3,0.007759288419038057
4,0.0076219988986849785
