Index, run_time
0,904.2176802624017
1,181.31301308050752
2,184.6312072724104
3,182.34019214101136
4,180.54073787480593
5,181.4965172186494
0,49.602404879406095
1,9.915253143757582
2,10.927737569436431
3,10.317044010385871
4,9.98748036287725
5,10.24340059235692
