Index, run_time
0,1916.2845751829445
1,384.19594527967274
2,382.73662135750055
3,377.50062438845634
4,386.473185621202
5,382.4522192403674
