Index, run_time
0,0.00840582326054573
1,0.008395873010158539
2,0.008359665051102638
3,0.00809144414961338
4,0.008076610043644905
