Index, run_time
0,0.3670638371258974
1,0.22289238311350346
2,0.2595785688608885
3,0.23027308657765388
4,0.16542482562363148
