Index, run_time
0,0.18310913629829884
1,0.2053078766912222
2,0.08685692027211189
3,0.06254499405622482
4,0.043888725340366364
