Index, run_time
0,0.011067194864153862
1,0.008705468848347664
2,0.010349338874220848
3,0.009396914392709732
4,0.008038436993956566
