Index, run_time
0,0.6234368365257978
1,0.06493602506816387
2,0.21615048870444298
3,0.07346107624471188
4,0.07718380354344845
