Index, run_time
0,0.008914301171898842
1,0.008977808058261871
2,0.008834118023514748
3,0.008597824722528458
4,0.008808819577097893
