Index, run_time
0,0.007920714560896158
1,0.008004545234143734
2,0.00758597394451499
3,0.007510904688388109
4,0.007579399272799492
