Index, run_time
0,0.014248794876039028
1,0.008118098136037588
2,0.007734913844615221
3,0.007594151888042688
4,0.007668154779821634
