Index, run_time
0,0.06642661988735199
1,0.05257411766797304
2,0.08579037617892027
3,0.04852814506739378
4,0.18665974587202072
