Index, run_time
0,0.008903941605240107
1,0.008479691110551357
2,0.017931653186678886
3,0.017662142869085073
4,0.00898902490735054
