Index, run_time
0,0.012795227114111185
1,0.007913058158010244
2,0.00763680599629879
3,0.0074987029656767845
4,0.007453440222889185
