Index, run_time
0,0.08106831694021821
1,0.03257855586707592
2,0.0341798048466444
3,0.032217537984251976
4,0.03245975403115153
