Index, run_time
0,0.050055967178195715
1,0.032363965176045895
2,0.03211240004748106
3,0.03455113712698221
4,0.035975524224340916
