Index, run_time
0,0.014431524090468884
1,0.007985224947333336
2,0.00765776913613081
3,0.0075375051237642765
4,0.007515318226069212
