Index, run_time
0,0.0746493418700993
1,0.0843329019844532
2,0.09010190330445766
3,0.09083647187799215
4,0.08430127101019025
