Index, run_time
0,0.0339242797344923
1,0.009339028969407082
2,0.026895642280578613
3,0.012166334316134453
4,0.03263535164296627
5,0.035398270934820175
6,0.008798409253358841
7,0.03816748596727848
8,0.03211672231554985
9,0.02266718726605177
10,0.01646331138908863
11,0.0164414020255208
12,0.012046954594552517
13,0.033206481486558914
14,0.02632374595850706
15,0.009365200996398926
16,0.023487304337322712
17,0.027855361811816692
18,0.024431741796433926
19,0.016543508507311344
20,0.020662885159254074
21,0.015410562977194786
22,0.02690316829830408
23,0.025851448066532612
24,0.00868049543350935
25,0.037515077739953995
26,0.015410642139613628
27,0.02001768909394741
28,0.02504345215857029
29,0.016811570152640343
30,0.022654587402939796
31,0.026465848088264465
32,0.012479805387556553
33,0.038527646102011204
34,0.02855479810386896
35,0.00794064812362194
36,0.010747580789029598
37,0.034650915302336216
38,0.049597910605371
39,0.019560229033231735
40,0.009114919230341911
41,0.03407934308052063
42,0.027770841494202614
43,0.026895803399384022
44,0.016835431568324566
45,0.025231058709323406
46,0.026232080534100533
47,0.01827315054833889
48,0.03547478746622801
49,0.03340225014835596
50,0.00879678688943386
51,0.02798606175929308
52,0.03536361921578646
53,0.011075908318161964
54,0.023383467458188534
55,0.01485956646502018
56,0.015472019091248512
57,0.03649260848760605
58,0.01734865829348564
59,0.015817396342754364
60,0.024773060344159603
61,0.03849454689770937
62,0.00815244298428297
63,0.008261142298579216
64,0.02780364640057087
65,0.020523599348962307
66,0.02872529625892639
67,0.016040466725826263
68,0.033760991878807545
69,0.03304705582559109
