Index, run_time
0,0.01681732013821602
1,0.02561839297413826
2,0.017758289352059364
3,0.02594861574470997
4,0.012907889671623707
5,0.012289739213883877
6,0.019668620079755783
7,0.01715377625077963
8,0.01872945763170719
9,0.027114867232739925
10,0.00915351789444685
11,0.01832947414368391
12,0.02718196716159582
13,0.008515848778188229
14,0.014526871964335442
15,0.025755565613508224
16,0.011750481091439724
17,0.012837355956435204
18,0.02769654244184494
19,0.009712801314890385
20,0.0075113289058208466
21,0.024799177423119545
22,0.02548860851675272
23,0.016306566074490547
24,0.01674608513712883
25,0.015246542170643806
26,0.008615889586508274
27,0.015264668501913548
28,0.025639938190579414
29,0.010495485737919807
30,0.008034580387175083
31,0.024228151887655258
32,0.01534501276910305
33,0.009618512354791164
34,0.013471275568008423
35,0.023087022826075554
36,0.009515650570392609
37,0.014458386227488518
38,0.01583426631987095
39,0.01650397665798664
40,0.008664974011480808
41,0.033091760240495205
42,0.011609146371483803
43,0.009684134274721146
44,0.025834612548351288
45,0.015722856856882572
46,0.02545927558094263
47,0.023417321033775806
48,0.02029397338628769
49,0.054612332955002785
50,0.03139990381896496
51,0.015746652148663998
52,0.014944697730243206
53,0.016163349151611328
54,0.00807116273790598
55,0.008668058551847935
56,0.02600914053618908
57,0.016132347285747528
58,0.01411269698292017
59,0.02667901199311018
60,0.029176445677876472
61,0.008768091909587383
62,0.015925347805023193
63,0.014493178576231003
64,0.007320001721382141
65,0.025931027717888355
66,0.022692635655403137
67,0.01613644603639841
68,0.017179783433675766
69,0.008341305889189243
