Index, run_time
0,0.020363968797028065
1,0.012207906693220139
2,0.028727643191814423
3,0.011309950612485409
4,0.0287429578602314
5,0.026143045164644718
6,0.021677406504750252
7,0.016046052798628807
8,0.011366629973053932
9,0.008062518201768398
10,0.04577803239226341
11,0.02133288700133562
12,0.058011592365801334
13,0.009860768914222717
14,0.035936261527240276
15,0.04678965266793966
16,0.02652610745280981
17,0.013684066943824291
18,0.011357876472175121
19,0.009865015745162964
20,0.007520568557083607
21,0.0460256552323699
22,0.029463562183082104
23,0.02126891538500786
24,0.027164523489773273
25,0.021624580025672913
26,0.023747150786221027
27,0.020900757983326912
28,0.016486785374581814
29,0.012358983978629112
30,0.009035035967826843
31,0.017010260373353958
32,0.010568561032414436
33,0.010859034024178982
34,0.010870704427361488
35,0.008294789120554924
36,0.009860148653388023
37,0.00970769114792347
38,0.014611827209591866
39,0.009467571042478085
40,0.010734464041888714
41,0.015030763112008572
42,0.009768771007657051
43,0.015291831456124783
44,0.009033741429448128
45,0.009019020013511181
46,0.013741171918809414
47,0.00831687357276678
48,0.016391501761972904
49,0.01679728925228119
50,0.017232341691851616
51,0.010226637125015259
52,0.027147886343300343
53,0.010330554097890854
54,0.007865143939852715
55,0.02426674496382475
56,0.02646964881569147
57,0.013644596561789513
58,0.016039998270571232
59,0.02739362046122551
60,0.03798785153776407
61,0.035186770372092724
62,0.022208361886441708
63,0.13045529928058386
64,0.03967797011137009
65,0.026667077094316483
66,0.06336084846407175
67,0.022581066004931927
68,0.0464872345328331
69,0.026584496721625328
