Index, run_time
0,0.008089002221822739
1,0.023660835810005665
2,0.012315168976783752
3,0.014919483102858067
4,0.030497409403324127
5,0.0087695037946105
6,0.01604412402957678
7,0.016456523910164833
8,0.0161807918921113
9,0.015578524209558964
10,0.016047787852585316
11,0.01036911178380251
12,0.011604325845837593
13,0.02332567796111107
14,0.015179174020886421
15,0.008955724537372589
16,0.025920741260051727
17,0.024599626660346985
18,0.011883530765771866
19,0.02559988759458065
20,0.007013301365077496
21,0.01933551300317049
22,0.015788713470101357
23,0.01615742314606905
24,0.014369253069162369
25,0.02685635443776846
26,0.007869505323469639
27,0.01653002854436636
28,0.024263092316687107
29,0.022590466775000095
30,0.015379105694591999
31,0.015005232766270638
32,0.018224043771624565
33,0.01270388439297676
34,0.025373863987624645
35,0.01322675496339798
36,0.013343662954866886
37,0.0203603720292449
38,0.026470541022717953
39,0.01200013142079115
40,0.041020107455551624
41,0.01430561300367117
42,0.0071116117760539055
43,0.03063255175948143
44,0.023837785236537457
45,0.01093125157058239
46,0.02217506803572178
47,0.014242683537304401
48,0.027018961496651173
49,0.022492404095828533
50,0.008169894106686115
51,0.026794145815074444
52,0.02351612877100706
53,0.009998330846428871
54,0.025844271294772625
55,0.015991264022886753
56,0.00804072804749012
57,0.015328365378081799
58,0.01630687527358532
59,0.015293477103114128
60,0.010509051382541656
61,0.024292897433042526
62,0.022334069944918156
63,0.0117407888174057
64,0.01113214809447527
65,0.014009274542331696
66,0.015699250623583794
67,0.015874497592449188
68,0.015145497396588326
69,0.0075157405808568
