Index, run_time
0,0.028529579751193523
1,0.0334547134116292
2,0.010369881056249142
3,0.037359450943768024
4,0.02374301850795746
5,0.009363585151731968
6,0.018032435327768326
7,0.02681457344442606
8,0.03470077458769083
9,0.013368049636483192
10,0.015055574476718903
11,0.02655583992600441
12,0.04532039351761341
13,0.008802732452750206
14,0.026878642849624157
15,0.027249695733189583
16,0.015556535683572292
17,0.025865783914923668
18,0.008699393831193447
19,0.050215546041727066
20,0.024125713855028152
21,0.012797998264431953
22,0.013586820103228092
23,0.043287964537739754
24,0.030896116979420185
25,0.027915624901652336
26,0.008668205700814724
27,0.029372614808380604
28,0.03725624270737171
29,0.01666354015469551
30,0.008756888099014759
31,0.009104842320084572
32,0.025609562173485756
33,0.03553755022585392
34,0.0102477315813303
35,0.02805750910192728
36,0.008963081985712051
37,0.027103369124233723
38,0.008338135667145252
39,0.027057791128754616
40,0.025280349887907505
41,0.014901136979460716
42,0.01800274197012186
43,0.029712519608438015
44,0.010256587527692318
45,0.030935646034777164
46,0.020380467176437378
47,0.01482365932315588
48,0.008289591409265995
49,0.03580517880618572
50,0.04474210925400257
51,0.08037323784083128
52,0.015772702172398567
53,0.018436978571116924
54,0.008186323568224907
55,0.03493474330753088
56,0.03905812278389931
57,0.009947930462658405
58,0.014969652518630028
59,0.010858654975891113
60,0.030869043432176113
61,0.026986475102603436
62,0.007954238913953304
63,0.016955352388322353
64,0.02158535923808813
65,0.009886587038636208
66,0.03513197973370552
67,0.03438166342675686
68,0.009448432363569736
69,0.01500103622674942
