Index, run_time
0,0.007972581312060356
1,0.007897751405835152
2,0.00749884732067585
3,0.007477082312107086
4,0.007480110973119736
