Index, run_time
0,0.1601836010813713
1,0.06537090055644512
2,0.06567542627453804
3,0.06811224110424519
4,0.06257593631744385
