Index, run_time
0,0.07969027198851109
1,0.16162278689444065
2,0.1891047414392233
3,0.18409799970686436
4,0.1823833230882883
