Index, run_time
0,0.08995242230594158
1,0.04032599925994873
2,0.03929322585463524
3,0.04058364778757095
4,0.09350625053048134
