Index, run_time
0,0.7642795275896788
1,0.7661499921232462
2,0.7700539566576481
3,0.6475784722715616
4,0.660853449255228
0,0.44389708340168
1,0.2871108204126358
2,0.30114484764635563
3,0.48467488400638103
4,0.47846208326518536
