Index, run_time
0,3.2809550892561674
1,3.0467897839844227
2,2.574788421392441
3,2.414468452334404
4,3.359729716554284
0,1.649996392428875
1,1.7643693555146456
2,1.2861411441117525
3,0.9021876007318497
4,0.3963597808033228
