Index, run_time
0,3.904852816835046
1,4.336486607789993
2,3.747981084510684
3,2.8506651874631643
4,2.7054999861866236
0,1.9030095133930445
1,2.4734171479940414
2,1.3285719193518162
3,0.534005630761385
4,1.440306780859828
