Index, run_time
0,0.010690035298466682
1,0.009231550619006157
2,0.007888171821832657
3,0.007419487461447716
4,0.007368739694356918
0,0.012615764513611794
1,0.008890284225344658
2,0.008937085047364235
3,0.007433062419295311
4,0.008691299706697464
