Index, run_time
0,0.010619314387440681
1,0.007978623732924461
2,0.007629843428730965
3,0.007544239982962608
4,0.0074650589376688
0,0.011946408078074455
1,0.008984288200736046
2,0.009417282417416573
3,0.01015530526638031
4,0.008032159879803658
