Index, run_time
0,0.010749883949756622
1,0.006827091798186302
2,0.007641073316335678
3,0.007596172392368317
4,0.007513511925935745
0,0.009241301566362381
1,0.008680632337927818
2,0.009431608021259308
3,0.007433781400322914
4,0.007319854572415352
