Index, run_time
0,0.047552064061164856
1,0.04107579495757818
2,0.0720576043240726
3,0.07057649130001664
4,0.07093303836882114
