Index, run_time
0,0.010807867161929607
1,0.008929765783250332
2,0.008750293869525194
3,0.01758464425802231
4,0.018381508998572826
