Index, run_time
0,0.007891855202615261
1,0.008038987871259451
2,0.007904890924692154
3,0.007755494676530361
4,0.007514851167798042
