Index, run_time
0,0.010470381937921047
1,0.008873308077454567
2,0.008723302278667688
3,0.0075551108457148075
4,0.01737556839361787
