Index, run_time
0,0.09535982273519039
1,0.046018337830901146
2,0.07589886384084821
3,0.08405286399647593
4,0.10161505080759525
