Index, run_time
0,0.011252747848629951
1,0.008211337961256504
2,0.007641786243766546
3,0.007809066213667393
4,0.008332225028425455
