Index, run_time
0,0.051233957055956125
1,0.11085150390863419
2,0.0507702250033617
3,0.06746642617508769
4,0.06447242479771376
