Index, run_time
0,0.05253051081672311
1,0.06396289030089974
2,0.03495386894792318
3,0.03671388095244765
4,0.03397117601707578
