Index, run_time
0,0.011214833706617355
1,0.009374392218887806
2,0.018907489720731974
3,0.019751195795834064
4,0.016832689754664898
