Index, run_time
0,0.05215522600337863
1,0.046684989240020514
2,0.04761494928970933
3,0.04394300980493426
4,0.04322252096608281
