Index, run_time
0,646.7965675569139
1,573.0191131648608
2,579.6614856007509
3,613.724873426836
4,511.18535758322105
