Index, run_time
0,0.013129938393831253
1,0.0073019955307245255
2,0.007094051688909531
3,0.007442153990268707
4,0.007354134693741798
0,0.017856592312455177
1,0.006759338080883026
2,0.007352428510785103
3,0.006660507991909981
4,0.0065405722707509995
