Index, run_time
0,0.007582534104585648
1,0.01054711639881134
2,0.006796518340706825
3,0.006885094568133354
4,0.007055297493934631
0,0.006103724241256714
1,0.0068901535123586655
2,0.006736377254128456
3,0.0067281294614076614
4,0.006679065525531769
