Index, run_time
0,0.6839695386588573
1,0.7633667234331369
2,0.9423331823199987
3,0.7150814160704613
4,0.9746855031698942
0,0.3085841368883848
1,0.25968087278306484
2,0.3006341103464365
3,0.2510121949017048
4,0.25028511323034763
