Index, run_time
0,0.008624449372291565
1,0.008416777476668358
2,0.008383534848690033
3,0.010873217135667801
4,0.0073223840445280075
0,0.007686382159590721
1,0.007029592990875244
2,0.006579017266631126
3,0.006708480417728424
4,0.007097775116562843
