Index, run_time
0,54.561049193143845
1,46.38174023479223
2,33.00029929727316
3,38.649395391345024
4,32.34505317918956
