Index, run_time
0,15.49167120270431
1,24.83688611909747
2,41.524567138403654
3,72.97801253013313
4,59.8081654086709
