Index, run_time
0,79.38447705842555
1,15.175274124369025
2,19.73388059437275
3,14.34775111451745
4,14.310561571270227
5,14.939189124852419
