Index, run_time
0,207.9620233234018
1,44.479592256248
2,40.90702497586608
3,44.34791842289269
4,43.53393830358982
5,47.38532902486622
