Index, run_time
1,629.0214635860175
2,708.7717899866402
3,773.029395243153
4,889.9543440118432
5,954.4846242554486
