Index, run_time
1,551.0600926056504
2,529.6359766405076
3,540.805415077135
4,555.2677301429212
5,506.2321636211127
