Index, run_time
0,0.0101640485227108
1,0.007795633748173714
2,0.00802750326693058
3,0.008136464282870293
4,0.008037971332669258
0,0.012543516233563423
1,0.0076662227511405945
2,0.007396826520562172
3,0.008375542238354683
4,0.007344644516706467
