Index, run_time
0,6.03274879604578
1,4.324549103155732
2,4.881865248084068
3,3.553133076056838
4,5.520041432231665
0,0.8680065535008907
1,0.5695848949253559
2,1.7856003418564796
3,1.51105447858572
4,1.5557596012949944
