Index, run_time
0,0.009735068306326866
1,0.008112434297800064
2,0.017994405701756477
3,0.007673915475606918
4,0.007720664143562317
0,0.011776914820075035
1,0.007615923881530762
2,0.00812048465013504
3,0.00745869055390358
4,0.009081831201910973
