Index, run_time
0,0.01412220112979412
1,0.01144576258957386
2,0.013507086783647537
3,0.007740883156657219
4,0.007589817047119141
0,0.0117981918156147
1,0.007733628153800964
2,0.00919712521135807
3,0.007262319326400757
4,0.008929215371608734
