Index, run_time
0,1.2595052234828472
1,1.2613055184483528
2,1.0575737785547972
3,1.0139688048511744
4,1.1396474689245224
0,1.0418880078941584
1,1.1735188961029053
2,0.5260092783719301
3,0.5089997705072165
4,0.7535957340151072
