Index, run_time
0,0.009924478828907013
1,0.007951835170388222
2,0.007746169343590736
3,0.007538393139839172
4,0.007480587810277939
0,0.010934382677078247
1,0.007493617013096809
2,0.007656663656234741
3,0.008605832234025002
4,0.007565785199403763
