Index, run_time
0,0.02261347323656082
1,0.009871035814285278
2,0.007907584309577942
3,0.007880225777626038
4,0.007906286045908928
