Index, run_time
0,0.09002041444182396
1,0.0589645691215992
2,0.057023992761969566
3,0.09397809021174908
4,0.09808230213820934
