Index, run_time
0,0.10321442782878876
1,0.07419960014522076
2,0.05762104503810406
3,0.06089375354349613
4,0.09417758882045746
5,0.061570992693305016
6,0.06152219511568546
7,0.05692383646965027
8,0.021652808412909508
9,0.021668877452611923
10,0.03189384005963802
11,0.029989948496222496
12,0.02925233356654644
13,0.03380903601646423
14,0.024991093203425407
15,0.034580474719405174
16,0.04144107922911644
17,0.03687156178057194
18,0.028911208733916283
19,0.022861910983920097
20,0.07125292718410492
21,0.052920516580343246
22,0.06263520196080208
23,0.05971410311758518
24,0.07366996444761753
25,0.06599202752113342
26,0.05912351235747337
27,0.05919022485613823
28,0.05631917528808117
29,0.06683354079723358
30,0.03998899459838867
31,0.030771451070904732
32,0.011403584852814674
33,0.00538102351129055
34,0.03195852227509022
35,0.014458131045103073
36,0.013292908668518066
37,0.013383898884057999
38,0.013642707839608192
39,0.013686740770936012
40,0.01351189985871315
41,0.013862760737538338
42,0.013481676578521729
43,0.013444120064377785
44,0.013490661978721619
45,0.01346704363822937
46,0.01341172680258751
47,0.01370224729180336
48,0.013550296425819397
49,0.013869643211364746
50,0.011974740773439407
51,0.00482211634516716
52,0.006174348294734955
53,0.012184571474790573
54,0.013949159532785416
55,0.013600951060652733
56,0.01373324729502201
57,0.023088613525032997
58,0.010028567165136337
59,0.01657586358487606
60,0.012704072520136833
61,0.00925876758992672
62,0.0132374856621027
63,0.013045772910118103
64,0.013334622606635094
