Index, run_time
0,1677.1286009587348
1,343.2296821568161
2,394.97387800738215
3,377.8508395049721
4,388.75482364185154
5,384.22934400849044
