Index, run_time
0,713.0226783771068
1,160.3975404407829
2,206.97330032847822
3,212.49740970321
4,205.95601203292608
5,207.4923184197396
0,40.96593266539276
1,8.332524690777063
2,8.316448535770178
3,8.384942300617695
4,8.536784028634429
5,8.403627891093493
