Index, run_time
0,0.02172762341797352
1,0.00804903358221054
2,0.007316332310438156
3,0.007633110508322716
4,0.007511544972658157
