Index, run_time
0,0.044395582750439644
1,0.044159820303320885
2,0.08561486005783081
3,0.06447522342205048
4,0.05772961489856243
