Index, run_time
0,0.010781366378068924
1,0.009110633283853531
2,0.008309198543429375
3,0.008065992966294289
4,0.008224166929721832
