Index, run_time
0,0.008270099759101868
1,0.009075416252017021
2,0.01949683390557766
3,0.008325869217514992
4,0.007104715332388878
