Index, run_time
0,0.057218993082642555
1,0.023127388209104538
2,0.045830341055989265
3,0.008247271180152893
4,0.006601216271519661
