Index, run_time
0,0.010058144107460976
1,0.007888967171311378
2,0.008124928921461105
3,0.013993823900818825
4,0.008031731471419334
0,0.008672105148434639
1,0.009082747623324394
2,0.008080964908003807
3,0.009765435010194778
4,0.009328292682766914
