Index, run_time
0,0.010186268016695976
1,0.007960779592394829
2,0.008026128634810448
3,0.007936468347907066
4,0.007616348564624786
0,0.01274886168539524
1,0.008713653311133385
2,0.00899687223136425
3,0.007449321448802948
4,0.0072603970766067505
