Index, run_time
0,5.449903162196279
1,3.9375970885157585
2,4.452039543539286
3,4.181997960433364
4,3.6077523920685053
0,0.8447553254663944
1,1.676121085882187
2,2.121785147115588
3,1.6589629873633385
4,1.3366943560540676
