Index, run_time
0,535.1294523086399
1,101.76969152875245
2,104.09848132170737
3,105.87261923961341
4,103.45927527919412
5,108.71353612840176
