Index, run_time
0,1486.1831805370748
1,291.17968603409827
2,323.0480360351503
3,280.9287616275251
4,295.4510387312621
5,295.68216920644045
