Index, run_time
0,0.008594483137130737
1,0.009115783497691154
2,0.00992642529308796
3,0.013795964419841766
4,0.009051339700818062
