Index, run_time
0,0.023478254675865173
1,0.008482255041599274
2,0.014297105371952057
3,0.010578231886029243
4,0.010991491377353668
