Index, run_time
0,0.03237340413033962
1,0.03151892125606537
2,0.027188247069716454
3,0.029467018321156502
4,0.02919197455048561
