Index, run_time
0,0.011770673096179962
1,0.009199237450957298
2,0.011846557259559631
3,0.00954461470246315
4,0.012404724955558777
