Index, run_time
0,0.009565958753228188
1,0.009694509208202362
2,0.008866656571626663
3,0.008719312027096748
4,0.008476858958601952
