Index, run_time
0,0.03513035736978054
1,0.05675979517400265
2,0.09718901105225086
3,0.06844892725348473
4,0.06882432475686073
