Index, run_time
0,0.012920640408992767
1,0.016127942129969597
2,0.055021120235323906
3,0.021727854385972023
4,0.048503328114748
