Index, run_time
0,0.045378683134913445
1,0.08728072233498096
2,0.08956339210271835
3,0.0769947711378336
4,0.07609043642878532
