Index, run_time
1,31.08209357596934
2,38.34735229797661
3,38.55525369569659
4,43.06573212519288
5,42.69714203290641
