Index, run_time
0,3419.736818054691
1,3650.4923567161895
2,2726.5800332468934
3,2785.8770163659938
4,2783.1254096380435
