Index, run_time
0,259.89833137672395
1,299.533544593025
2,359.57217512698844
3,386.1591275460087
4,446.0875656865537
5,477.55092022614554
