Index, run_time
0,81.22953984467313
1,16.078270310070366
2,15.624077262822539
3,15.7289626179263
4,15.613883560989052
5,15.701449166052043
