Index, run_time
0,0.01498403400182724
1,0.04003091994673014
2,0.008162477053701878
3,0.027869414538145065
4,0.027305830270051956
5,0.04289321880787611
6,0.012102466076612473
7,0.016311656683683395
8,0.025682668201625347
9,0.015854235738515854
10,0.012876744382083416
11,0.025231217965483665
12,0.01630169339478016
13,0.009228907525539398
14,0.026390288025140762
15,0.009873215109109879
16,0.0168913584202528
17,0.027118224650621414
18,0.011707698926329613
19,0.008591245859861374
20,0.027879098430275917
21,0.01649896427989006
22,0.01905059814453125
23,0.01312257070094347
24,0.016963643953204155
25,0.010076851584017277
26,0.024049841798841953
27,0.015290966257452965
28,0.010878413915634155
29,0.023506163619458675
30,0.019389288499951363
31,0.03058826830238104
32,0.010629257187247276
33,0.025640585459768772
34,0.016344629228115082
35,0.010491290129721165
36,0.023677218705415726
37,0.00919251423329115
38,0.019421287812292576
39,0.02699496876448393
40,0.00814370159059763
41,0.015669855289161205
42,0.015018115751445293
43,0.01516188308596611
44,0.01876598596572876
45,0.011665549129247665
46,0.02809019573032856
47,0.023681395687162876
48,0.008993910625576973
49,0.02702143508940935
50,0.02540126070380211
51,0.040366705507040024
52,0.026156578212976456
53,0.018889053724706173
54,0.026653063483536243
55,0.008788323029875755
56,0.012603686191141605
57,0.02792528085410595
58,0.008808874525129795
59,0.01349113043397665
60,0.023677975870668888
61,0.008842078037559986
62,0.02560591697692871
63,0.02803418878465891
64,0.016098025254905224
65,0.009196505881845951
66,0.026728160679340363
67,0.019606071524322033
68,0.015669609420001507
69,0.013202120549976826
70,0.024312889203429222
