Index, run_time
0,0.033424606546759605
1,0.031031114049255848
2,0.05932025983929634
3,0.012632598169147968
4,0.02430655714124441
5,0.01957802753895521
6,0.03363087493926287
7,0.03199562430381775
8,0.010997980833053589
9,0.013605578802525997
10,0.022117655724287033
11,0.02744640875607729
12,0.01524316892027855
13,0.016557015478610992
14,0.008648213930428028
15,0.0362510122358799
16,0.025627752766013145
17,0.011942769400775433
18,0.02333566639572382
19,0.00813242793083191
20,0.03601586073637009
21,0.04690070729702711
22,0.014203637838363647
23,0.02693104837089777
24,0.029094424098730087
25,0.03261552657932043
26,0.02407840546220541
27,0.01220499724149704
28,0.03481827862560749
29,0.024865119718015194
30,0.0167490029707551
31,0.015040158294141293
32,0.03891259338706732
33,0.021529432386159897
34,0.014310008846223354
35,0.016824577003717422
36,0.013840725645422935
37,0.03716015350073576
38,0.034996626898646355
39,0.007618776522576809
40,0.027545916847884655
41,0.027766448445618153
42,0.016311214305460453
43,0.01559537649154663
44,0.04038996156305075
45,0.014801873825490475
46,0.025095485150814056
47,0.018316516652703285
48,0.012856771238148212
49,0.038866193033754826
50,0.02363041415810585
51,0.00839136727154255
52,0.03443593345582485
53,0.03487477917224169
54,0.00859608594328165
55,0.026032165624201298
56,0.0075225504115223885
57,0.0805671289563179
58,0.022158833220601082
59,0.03513322863727808
60,0.027174542658030987
61,0.020795184187591076
62,0.01199412252753973
63,0.028520023450255394
64,0.014995797537267208
65,0.02634334471076727
66,0.014597504399716854
67,0.0165517283603549
68,0.030338295735418797
69,0.015923282131552696
70,0.008784898556768894
