Index, run_time
0,0.01529913954436779
1,0.01741695124655962
2,0.007889802567660809
3,0.02601186465471983
4,0.04074719548225403
5,0.017414314672350883
6,0.014659417793154716
7,0.013151144608855247
8,0.027224458754062653
9,0.014072488993406296
10,0.025373472832143307
11,0.01645309291779995
12,0.027261960320174694
13,0.015942320227622986
14,0.00826302170753479
15,0.02593703381717205
16,0.021494511514902115
17,0.03198739141225815
18,0.02418788429349661
19,0.023717543110251427
20,0.01716139167547226
21,0.02542186714708805
22,0.04158047027885914
23,0.00949406623840332
24,0.02817467227578163
25,0.040976570919156075
26,0.022555004805326462
27,0.01605999656021595
28,0.018191847950220108
29,0.010618587955832481
30,0.028426012955605984
31,0.009651738218963146
32,0.04550523776561022
33,0.012104569002985954
34,0.015761778689920902
35,0.01414402574300766
36,0.015186644159257412
37,0.015033560805022717
38,0.014578724279999733
39,0.025632529519498348
40,0.00944218784570694
41,0.014034011401236057
42,0.01547284610569477
43,0.016237210482358932
44,0.023597839288413525
45,0.009560458362102509
46,0.018897172063589096
47,0.027408302761614323
48,0.008847438730299473
49,0.009812047705054283
50,0.015503043308854103
51,0.016197138465940952
52,0.0315335625782609
53,0.022064405493438244
54,0.01707375328987837
55,0.008079243823885918
56,0.023022694513201714
57,0.01936424896121025
58,0.01564229093492031
59,0.021059229969978333
60,0.04025742318481207
61,0.010556447319686413
62,0.014317425899207592
63,0.01638112496584654
64,0.016077694483101368
65,0.015254313126206398
66,0.01684445794671774
67,0.009783616289496422
68,0.014252915978431702
69,0.023373535834252834
70,0.009191323071718216
