Index, run_time
0,0.008256395813077688
1,0.008225447032600641
2,0.007862746249884367
3,0.007617169991135597
4,0.007488030940294266
