Index, run_time
0,0.043530491180717945
1,0.08529617916792631
2,0.10949291288852692
3,0.08422960573807359
4,0.05974835716187954
