Index, run_time
0,0.04165351903066039
1,0.05348430899903178
2,0.04156461590901017
3,0.042410505935549736
4,0.04386368300765753
