Index, run_time
0,0.009094581007957458
1,0.008387709967792034
2,0.009719720110297203
3,0.007883275859057903
4,0.007975114975124598
