Index, run_time
0,0.04790531424805522
1,0.05553747992962599
2,0.07145155034959316
3,0.037415169179439545
4,0.05515813687816262
