Index, run_time
0,0.013833361677825451
1,0.009535263292491436
2,0.009224404115229845
3,0.015145094133913517
4,0.008241450879722834
