Index, run_time
0,0.008683545049279928
1,0.008569016586989164
2,0.007923785131424665
3,0.016935075633227825
4,0.01780114695429802
