Index, run_time
0,0.06461807107552886
1,0.06660713907331228
2,0.03128653997555375
3,0.06494291499257088
4,0.061758389230817556
