Index, run_time
0,0.01463334634900093
1,0.008009843528270721
2,0.007734114304184914
3,0.0078115314245224
4,0.00783252902328968
5,0.008094355463981628
6,0.007902298122644424
7,0.007904238998889923
8,0.00784619152545929
9,0.007710972800850868
10,0.007864564657211304
11,0.00790499895811081
12,0.007914580404758453
13,0.00788825936615467
14,0.007982295006513596
15,0.007755560800433159
16,0.007828982546925545
17,0.008278446272015572
18,0.008133234456181526
19,0.008049635216593742
20,0.007613860070705414
21,0.007559297606348991
22,0.007543617859482765
23,0.007376613095402718
24,0.007343914359807968
25,0.007732633501291275
26,0.007955152541399002
27,0.007848044857382774
28,0.007626840844750404
0,0.16124066896736622
1,0.007892247289419174
2,0.00758761540055275
3,0.007837766781449318
4,0.007798647508025169
5,0.008171800523996353
6,0.0077820830047130585
7,0.007506007328629494
8,0.007586579769849777
9,0.00797191821038723
10,0.007779840379953384
11,0.007653901353478432
12,0.007925083860754967
13,0.007699334993958473
14,0.008004654198884964
15,0.0075959451496601105
16,0.007935255765914917
17,0.00797228142619133
18,0.007660705596208572
19,0.007673969492316246
20,0.007462756708264351
21,0.0074729714542627335
22,0.007630970329046249
23,0.015342136844992638
24,0.0077222902327775955
25,0.00865374505519867
26,0.021864723414182663
27,0.008058922365307808
28,0.007706364616751671
