Index, run_time
0,0.07239902392029762
1,0.008332407101988792
2,0.007781315594911575
3,0.008099973201751709
4,0.008003616705536842
