Index, run_time
0,0.008870979771018028
1,0.013107098639011383
2,0.007340172305703163
3,0.014149827882647514
4,0.007508736103773117
