Index, run_time
0,0.5232846438884735
1,0.29453388415277004
2,0.18421123176813126
3,0.24247029796242714
4,0.19094481505453587
