Index, run_time
0,43.44273837096989
1,32.15453547984362
2,30.632580034434795
3,29.085537392646074
4,25.436913492158055
