Index, run_time
0,32.74040059186518
1,16.728932363912463
2,12.599093496799469
3,4.7667373195290565
4,12.173153966665268
