Index, run_time
0,0.007831227034330368
1,0.00717180036008358
2,0.012878961861133575
3,0.007328657433390617
4,0.007033731788396835
