Index, run_time
0,0.19053485430777073
1,0.2379093449562788
2,0.16444362699985504
3,0.14181228168308735
4,0.1463958788663149
