Index, run_time
0,0.0073701124638319016
1,0.007753225043416023
2,0.007647277787327766
3,0.007351569831371307
4,0.007266303524374962
