Index, run_time
0,0.17035786993801594
1,0.27301074378192425
2,0.1433581728488207
3,0.12597107887268066
4,0.12715581245720387
