Index, run_time
0,0.04371252283453941
1,0.039320098934695125
2,0.039546222193166614
3,0.06725291698239744
4,0.22847463400103152
5,0.039963321993127465
6,0.039710220880806446
7,0.04133721790276468
8,0.04163668095134199
9,0.041599039919674397
