Index, run_time
0,0.7908981998916715
1,0.010476320050656796
2,0.03156926017254591
3,0.031057822052389383
4,0.02060935110785067
5,0.010827038902789354
6,0.00983111816458404
7,0.009854505071416497
8,0.019722499884665012
9,0.025564657989889383
