Index, run_time
0,0.11915569612756371
1,0.08550983760505915
2,0.07703669928014278
3,0.03913953294977546
4,0.03936565527692437
