Index, run_time
0,0.008948438800871372
1,0.008143872022628784
2,0.008076871279627085
3,0.007549499161541462
4,0.0075324522331357
