Index, run_time
0,0.04339296789839864
1,0.038686232175678015
2,0.03674705000594258
3,0.03645030036568642
4,0.036246628034859896
