Index, run_time
0,0.04760329704731703
1,0.06438068998977542
2,0.03523060493171215
3,0.039338259026408195
4,0.040761707816272974
