Index, run_time
0,0.009021133184432983
1,0.008194648195058107
2,0.007719319313764572
3,0.007582526188343763
4,0.00746771739795804
