Index, run_time
0,0.00973440706729889
1,0.008633463643491268
2,0.008174580056220293
3,0.008084844797849655
4,0.008300225250422955
