Index, run_time
0,0.07530906097963452
1,0.05285300500690937
2,0.04547545500099659
3,0.04877710621803999
4,0.041597344912588596
