Index, run_time
0,0.008962839841842651
1,0.00819356832653284
2,0.007646162062883377
3,0.0075989579781889915
4,0.007617427036166191
