Index, run_time
0,0.010095186065882444
1,0.00837410381063819
2,0.009326448198407888
3,0.00760726910084486
4,0.007650831248611212
