Index, run_time
0,0.04788151802495122
1,0.0436614747159183
2,0.041343891993165016
3,0.03871473437175155
4,0.040221814066171646
