Index, run_time
0,0.043312348891049623
1,0.04291889816522598
2,0.051598599180579185
3,0.05222136992961168
4,0.04937776690348983
