Index, run_time
0,0.00980752008035779
1,0.008661096449941397
2,0.007979100104421377
3,0.007763186935335398
4,0.007632776163518429
