Index, run_time
0,0.058022284880280495
1,0.043630019295960665
2,0.04096641018986702
3,0.037033130414783955
4,0.0352321220561862
