Index, run_time
0,0.008797500282526016
1,0.08814186416566372
2,0.08556432276964188
3,0.013590468093752861
4,0.014532849192619324
