Index, run_time
0,0.12131574004888535
1,0.08759543485939503
2,0.06332307308912277
3,0.10078785754740238
4,0.05550333671271801
