Index, run_time
0,0.01042822003364563
1,0.10127998888492584
2,0.08306574076414108
3,0.026788389310240746
4,0.041273294016718864
