Index, run_time
0,0.13976994715631008
1,0.14274286851286888
2,0.1351050827652216
3,0.11617322452366352
4,0.08993147127330303
