Index, run_time
0,0.008442927151918411
1,0.009538687765598297
2,0.00942741148173809
3,0.009159773588180542
4,0.009259942919015884
