Index, run_time
0,0.03738090302795172
1,0.015129206702113152
2,0.028431198559701443
3,0.05268683470785618
4,0.05781233869493008
5,0.04080286901444197
6,0.033737191930413246
7,0.018574188463389874
8,0.0483494745567441
9,0.041167899034917355
10,0.03676784969866276
11,0.044954000040888786
12,0.016994872130453587
13,0.02645868342369795
14,0.03526051715016365
