Index, run_time
0,0.006520702503621578
1,0.006323212757706642
2,0.021026846952736378
3,0.024439213797450066
4,0.009645313024520874
5,0.017104802653193474
6,0.02273059356957674
7,0.006527540273964405
8,0.006629006937146187
9,0.0240256879478693
10,0.025528235360980034
11,0.0071602193638682365
12,0.006849149242043495
13,0.02135672513395548
14,0.022094431333243847
