Index, run_time
0,0.03919883165508509
1,0.016577397473156452
2,0.02724978793412447
3,0.04649886582046747
4,0.04747507721185684
5,0.038565066643059254
6,0.03828281257301569
7,0.017975968308746815
8,0.03706125635653734
9,0.03751396294683218
10,0.033595971763134
11,0.041077437810599804
12,0.015872244723141193
13,0.0253466023132205
14,0.03214235603809357
