Index, run_time
0,0.007877865806221962
1,0.016228003427386284
2,0.029279676266014576
3,0.007232263684272766
4,0.04925691429525614
5,0.030917521566152573
6,0.06094359885901213
7,0.008632905781269073
8,0.041815548203885555
9,0.02937564253807068
10,0.018969783559441566
11,0.029327623546123505
12,0.008516679517924786
13,0.02119999099522829
14,0.04462490137666464
