Index, run_time
0,0.042298613116145134
1,0.017102588899433613
2,0.035403430461883545
3,0.07632183469831944
4,0.05380418337881565
5,0.04741530306637287
6,0.03969720285385847
7,0.02141437865793705
8,0.0436430424451828
9,0.04410278983414173
10,0.04625292867422104
11,0.047195411287248135
12,0.01769066136330366
13,0.029232745990157127
14,0.10832245741039515
