Index, run_time
0,0.0855703791603446
1,0.07233216241002083
2,0.12878303229808807
3,0.24854283966124058
4,0.22085697390139103
5,0.12504279147833586
6,0.13774190470576286
7,0.10834764409810305
8,0.12756500113755465
9,0.12592065706849098
10,0.13366660755127668
11,0.09463499672710896
12,0.05574245098978281
13,0.12576490454375744
14,0.10341178067028522
