Index, run_time
0,0.037594099529087543
1,0.015533962287008762
2,0.03488521929830313
3,0.04764488060027361
4,0.05152914859354496
5,0.043894411996006966
6,0.03321765270084143
7,0.01921214908361435
8,0.043306740000844
9,0.043288351967930794
10,0.03812232706695795
11,0.04339852649718523
12,0.015648064203560352
13,0.032517953775823116
14,0.037202199921011925
