Index, run_time
0,0.04507697094231844
1,0.036242375150322914
2,0.07277439069002867
3,0.035919928923249245
4,0.06872603483498096
