Index, run_time
0,0.01284806802868843
1,0.008249957114458084
2,0.00795010570436716
3,0.007689572870731354
4,0.007867128122597933
