Index, run_time
0,0.014975402969866991
1,0.008575664833188057
2,0.007977603934705257
3,0.01633457886055112
4,0.007916754111647606
