Index, run_time
0,0.05618200683966279
1,0.09300350584089756
2,0.17446928611025214
3,0.09103102330118418
4,0.09823088720440865
