Index, run_time
0,0.014214314986020327
1,0.008228518068790436
2,0.0075898547656834126
3,0.007581866346299648
4,0.007559949066489935
