Index, run_time
0,0.041184492874890566
1,0.07580685615539551
2,0.05010054586455226
3,0.06314397510141134
4,0.039098966866731644
