Index, run_time
0,0.010882026981562376
1,0.008519555907696486
2,0.008027251809835434
3,0.0077784089371562
4,0.007662591990083456
