Index, run_time
0,0.06930268555879593
1,0.03388968948274851
2,0.02266427781432867
3,0.038199749775230885
4,0.0993188675493002
5,0.07160273101180792
6,0.04308236110955477
7,0.03775348514318466
8,0.04461340419948101
9,0.04303880501538515
10,0.040943809784948826
11,0.030118925496935844
12,0.09276110865175724
13,0.05277080275118351
14,0.028000556863844395
