Index, run_time
0,0.008030753582715988
1,0.024004475213587284
2,0.006903947331011295
3,0.010988688096404076
4,0.028573915362358093
5,0.014773513190448284
6,0.023082285188138485
7,0.030102580785751343
8,0.013480172492563725
9,0.007887679152190685
10,0.013012480922043324
11,0.0077986400574445724
12,0.01295789610594511
13,0.0072499653324484825
14,0.013926331885159016
