Index, run_time
0,0.008722975850105286
1,0.007260248064994812
2,0.007835177704691887
3,0.007660755887627602
4,0.008274538442492485
