Index, run_time
0,0.20264027081429958
1,0.15050520189106464
2,0.3303593844175339
3,0.18873516470193863
4,0.22230218350887299
