Index, run_time
0,0.289382629096508
1,0.3202882055193186
2,0.3454806748777628
3,0.1702450681477785
4,0.19116475246846676
