Index, run_time
0,0.20747842267155647
1,1.2541950289160013
2,0.7158264964818954
3,0.2345929630100727
4,0.3564169928431511
