Index, run_time
0,0.00893397070467472
1,0.008169582113623619
2,0.015501363202929497
3,0.007617594674229622
4,0.008153054863214493
