Index, run_time
0,0.008623505011200905
1,0.007799508050084114
2,0.007545275613665581
3,0.014492176473140717
4,0.0067114513367414474
