Index, run_time
0,0.05430242046713829
1,0.00797598622739315
2,0.008487202227115631
3,0.024019528180360794
4,0.007997961714863777
