Index, run_time
0,0.3089206237345934
1,0.4588435869663954
2,0.6125090941786766
3,0.5722943171858788
4,0.6724186316132545
