Index, run_time
0,0.5590266287326813
1,0.6217958107590675
2,0.390261635184288
3,0.20017077215015888
4,0.17185808718204498
