Index, run_time
0,0.014293890446424484
1,0.012257864698767662
2,0.013209614902734756
3,0.0205430518835783
4,0.007182572036981583
