Index, run_time
0,0.2517760153859854
1,0.2929121758788824
2,0.3514396846294403
3,0.3286473173648119
4,0.3866591677069664
