Index, run_time
0,0.1329849399626255
1,0.10254517570137978
2,0.11852836981415749
3,0.11583053320646286
4,0.14720209687948227
