Index, run_time
0,0.017860570922493935
1,0.015298821032047272
2,0.006657300516963005
3,0.014440514147281647
4,0.007698442786931992
