Index, run_time
0,0.1976291500031948
1,0.3485344499349594
2,0.43394026905298233
3,0.11397809535264969
4,0.1602342315018177
