Index, run_time
0,70.21305815316737
1,114.16878656297922
2,143.44798227399588
3,164.2821906823665
4,141.6899670138955
5,195.10772085376084
