Index, run_time
0,0.34982917830348015
1,0.3978659547865391
2,0.28813108801841736
3,0.27468821220099926
4,0.28978615812957287
