Index, run_time
0,0.19901433400809765
1,0.18343140743672848
2,0.20350885204970837
3,0.1533109825104475
4,0.15797233395278454
