Index, run_time
0,0.012711405754089355
1,0.008505044505000114
2,0.010204555466771126
3,0.026268618181347847
4,0.00834246538579464
