Index, run_time
0,0.01072517829015851
1,0.008219201117753983
2,0.00783527409657836
3,0.007649247068911791
4,0.0075563727878034115
