Index, run_time
0,0.06532315909862518
1,0.03891815710812807
2,0.03770718304440379
3,0.0367084052413702
4,0.036573247984051704
