Index, run_time
0,0.0324060395359993
1,0.020349835976958275
2,0.03347658459097147
3,0.037674473598599434
4,0.0346355140209198
5,0.0271774185821414
6,0.03814076445996761
7,0.02697109244763851
8,0.024625154212117195
9,0.013729655183851719
10,0.01537379901856184
11,0.020659427158534527
12,0.031208650209009647
13,0.02829943783581257
14,0.02062245737761259
