Index, run_time
0,0.04700274486094713
1,0.02340594958513975
2,0.03104003705084324
3,0.038208800368011
4,0.0479389987885952
5,0.02984085027128458
6,0.04550897888839245
7,0.032089932821691036
8,0.026924059726297855
9,0.015998762100934982
10,0.016033786348998547
11,0.047980060800909996
12,0.04635439161211252
13,0.029361785389482975
14,0.02280324697494507
