Index, run_time
0,0.013058863580226898
1,0.02092572022229433
2,0.014075974933803082
3,0.006934754550457001
4,0.02556207962334156
5,0.026156708598136902
6,0.006527585908770561
7,0.014374773018062115
8,0.01607425231486559
9,0.013406476937234402
10,0.01824842393398285
11,0.014059295877814293
12,0.006626095622777939
13,0.01652471348643303
14,0.021778319962322712
