Index, run_time
0,0.03948667831718922
1,0.022944387048482895
2,0.03185488376766443
3,0.040503641590476036
4,0.040457005612552166
5,0.029912718571722507
6,0.04308226332068443
7,0.029760180972516537
8,0.02767605520784855
9,0.016021979972720146
10,0.017022445797920227
11,0.02315667737275362
12,0.033379401080310345
13,0.028066683560609818
14,0.02271836157888174
