Index, run_time
0,0.013606475666165352
1,0.006653772667050362
2,0.013520369306206703
3,0.034027982503175735
4,0.026140550151467323
5,0.013918844982981682
6,0.006472674198448658
7,0.024233472533524036
8,0.02632249891757965
9,0.023421567864716053
10,0.013299120590090752
11,0.006830258294939995
12,0.014252672903239727
13,0.010394134558737278
14,0.013244153931736946
