Index, run_time
0,0.03945161774754524
1,0.02278750017285347
2,0.031827693805098534
3,0.04083689209073782
4,0.040095195174217224
5,0.030170220881700516
6,0.046877759508788586
7,0.033236727118492126
8,0.029764167964458466
9,0.015977208502590656
10,0.017343532294034958
11,0.026109809055924416
12,0.03658304177224636
13,0.02969740517437458
14,0.024220246821641922
