Index, run_time
0,0.022979033179581165
1,0.01998475193977356
2,0.006739559583365917
3,0.014642547816038132
4,0.02142802532762289
5,0.0073929475620388985
6,0.006582912057638168
7,0.024230672046542168
8,0.019246972166001797
9,0.007250271737575531
10,0.012887598015367985
11,0.012781163677573204
12,0.011608397588133812
13,0.023910371586680412
14,0.01430044136941433
