Index, run_time
0,11.021284407004714
1,24.9541234690696
2,28.148544253781438
3,37.99720318801701
4,52.20654956437647
