Index, run_time
0,41.992259334772825
1,30.420968236401677
2,25.410459853708744
3,29.09489779546857
4,23.42305103689432
