Index, run_time
0,27.760263631120324
1,21.641441971063614
2,6.2100916262716055
3,4.842488057911396
4,11.558492805808783
