Index, run_time
0,0.02211680542677641
1,0.011176654137670994
2,0.019961741752922535
3,0.025538412854075432
4,0.009089836850762367
5,0.020103261806070805
6,0.022433031350374222
7,0.008656843565404415
8,0.015879454091191292
9,0.015609565190970898
10,0.015343202278017998
11,0.01874422561377287
12,0.024616139009594917
13,0.013283788226544857
14,0.008686630986630917
15,0.025699558667838573
16,0.011979404836893082
17,0.02884593326598406
18,0.015670261345803738
19,0.01371820643544197
20,0.0244487002491951
21,0.008699672296643257
22,0.041150666773319244
23,0.01598861813545227
24,0.0078015998005867004
25,0.024106877855956554
26,0.020725379697978497
27,0.014898271299898624
28,0.02653003577142954
29,0.010133794508874416
30,0.01895691640675068
31,0.01941128820180893
32,0.009132610633969307
33,0.01490252185612917
34,0.018016161397099495
35,0.014703321270644665
36,0.014232177287340164
37,0.024625279009342194
38,0.010822602547705173
39,0.016442646272480488
40,0.026172997429966927
41,0.011361685581505299
42,0.016941118985414505
43,0.01560413558036089
44,0.01550629734992981
45,0.008038048632442951
46,0.027595797553658485
47,0.023683911189436913
48,0.0077936965972185135
49,0.025199593976140022
50,0.014196021482348442
51,0.014478643424808979
52,0.010214027017354965
53,0.02442149817943573
54,0.009565007872879505
55,0.008396193385124207
56,0.02920855674892664
57,0.016753464937210083
58,0.018377006985247135
59,0.007598942145705223
60,0.026534046977758408
61,0.0083309942856431
62,0.012973088771104813
63,0.0284714475274086
64,0.013030325062572956
65,0.015807355754077435
66,0.02706337720155716
67,0.009116407483816147
68,0.008425461128354073
69,0.02920185960829258
