Index, run_time
0,0.016475286334753036
1,0.0274098115041852
2,0.03487911634147167
3,0.04220385476946831
4,0.024369852617383003
5,0.025304087437689304
6,0.036716824397444725
7,0.024034840054810047
8,0.030167974531650543
9,0.021442788653075695
10,0.04885878134518862
11,0.02512149978429079
12,0.044053190387785435
13,0.02291703410446644
14,0.029824749566614628
15,0.021524900570511818
16,0.009626135230064392
17,0.011020423844456673
18,0.018710099160671234
19,0.030128161422908306
20,0.054718295112252235
21,0.041853662580251694
22,0.012889043428003788
23,0.02322383876889944
24,0.02605392411351204
25,0.008227693848311901
26,0.025013635866343975
27,0.017308787442743778
28,0.01608614530414343
29,0.03502646181732416
30,0.016098329797387123
31,0.029191389679908752
32,0.023257172666490078
33,0.04002898093312979
34,0.06363954767584801
35,0.04808829165995121
36,0.011050156317651272
37,0.020820300094783306
38,0.020048352889716625
39,0.029512937180697918
40,0.020897685550153255
41,0.015760174952447414
42,0.038029284216463566
43,0.029377196915447712
44,0.02074506040662527
45,0.03235661517828703
46,0.009464442729949951
47,0.01057436317205429
48,0.026900043711066246
49,0.010417493991553783
50,0.015503743663430214
51,0.015331421047449112
52,0.01538041140884161
53,0.01977667026221752
54,0.012384070083498955
55,0.028715847060084343
56,0.00975855253636837
57,0.009157756343483925
58,0.026476383209228516
59,0.019838571548461914
60,0.022958381101489067
61,0.016235611401498318
62,0.017273384146392345
63,0.010558543726801872
64,0.023542859591543674
65,0.009620812721550465
66,0.02902932185679674
67,0.02842768281698227
68,0.014832691289484501
69,0.01610486675053835
