Index, run_time
0,0.04118865169584751
1,0.01981624960899353
2,0.014470896683633327
3,0.027423790656030178
4,0.033987367525696754
5,0.018097386695444584
6,0.012945933267474174
7,0.016907816752791405
8,0.014915402978658676
9,0.026236523874104023
10,0.010023555718362331
11,0.018699385225772858
12,0.028973151929676533
13,0.03184206783771515
14,0.008085256442427635
15,0.017004775814712048
16,0.026679917238652706
17,0.03291620034724474
18,0.011560657992959023
19,0.02503136545419693
20,0.0263458089902997
21,0.02092225570231676
22,0.018734433688223362
23,0.030179387889802456
24,0.03073676023632288
25,0.01980583369731903
26,0.008649504743516445
27,0.036311620846390724
28,0.035674864426255226
29,0.019870922900736332
30,0.025873856619000435
31,0.03508079145103693
32,0.0354640930891037
33,0.01210902538150549
34,0.009078234434127808
35,0.03347714338451624
36,0.024656133726239204
37,0.049287768080830574
38,0.029536763206124306
39,0.03827592916786671
40,0.012586989440023899
41,0.00787032674998045
42,0.02530085388571024
43,0.027250870130956173
44,0.014532455243170261
45,0.016999855637550354
46,0.014556069858372211
47,0.020970345474779606
48,0.032519795931875706
49,0.023983076214790344
50,0.0073572322726249695
51,0.014793163165450096
52,0.014483978040516376
53,0.013399995863437653
54,0.02396449353545904
55,0.01892099902033806
56,0.012726531364023685
57,0.038416529074311256
58,0.0257332781329751
59,0.015273766592144966
60,0.008030548691749573
61,0.031060604378581047
62,0.03740581125020981
63,0.012536498717963696
64,0.016496682539582253
65,0.008721531368792057
66,0.025305459275841713
67,0.030728057958185673
68,0.010684063658118248
69,0.021508945152163506
