Index, run_time
0,0.02659894898533821
1,0.00892821978777647
2,0.018572633154690266
3,0.008640745654702187
4,0.009345044381916523
5,0.02551568765193224
6,0.008551239036023617
7,0.008431042544543743
8,0.026553135365247726
9,0.00999490823596716
10,0.01648761983960867
11,0.029030656442046165
12,0.010075440630316734
13,0.015345136635005474
14,0.01304685976356268
15,0.022469205781817436
16,0.008099942468106747
17,0.01731628179550171
18,0.022798906080424786
19,0.009756776504218578
20,0.0164949931204319
21,0.01579495146870613
22,0.018761337734758854
23,0.02346213348209858
24,0.023753168061375618
25,0.014937778003513813
26,0.015432114712893963
27,0.025673499330878258
28,0.01537818368524313
29,0.02425542939454317
30,0.009457525797188282
31,0.027555134147405624
32,0.018712705001235008
33,0.01561804674565792
34,0.03367187548428774
35,0.01312579307705164
36,0.010140910744667053
37,0.016610936261713505
38,0.020829323679208755
39,0.02771455142647028
40,0.016561901196837425
41,0.02813101466745138
42,0.014262006618082523
43,0.02046603336930275
44,0.02522507682442665
45,0.010987061075866222
46,0.015584208071231842
47,0.024489480070769787
48,0.008616874925792217
49,0.026078375056385994
50,0.020540311001241207
51,0.014703509397804737
52,0.011852401308715343
53,0.008793877437710762
54,0.02571303118020296
55,0.02066964190453291
56,0.008351894095540047
57,0.019237754866480827
58,0.020586363971233368
59,0.01597049366682768
60,0.017037678509950638
61,0.017182189039885998
62,0.013629525899887085
63,0.026801916770637035
64,0.008990961126983166
65,0.03774241358041763
66,0.008882442489266396
67,0.02818325348198414
68,0.018480642698705196
69,0.018180248327553272
