Index, run_time
0,204.05690685845912
1,44.93422505073249
2,61.89791117608547
3,867.393955051899
4,120.91704750992358
