Index, run_time
0,58.28217212855816
1,39.72871452756226
2,35.58302037604153
3,67.55807166919112
4,55.32170405983925
