Index, run_time
1,59.66090844664723
2,81.0824171192944
3,68.63786703767255
4,54.918091238010675
