Index, run_time
0,0.024197489023208618
1,0.008236557245254517
2,0.008205583319067955
3,0.007977321743965149
4,0.008209453895688057
