Index, run_time
0,0.19825267232954502
1,0.16573725827038288
2,0.28251967392861843
3,0.42629167437553406
4,0.4472322929650545
