Index, run_time
0,0.008071497082710266
1,0.00829736702144146
2,0.008045917376875877
3,0.008207054808735847
4,0.008109338581562042
