Index, run_time
0,0.024418912827968597
1,0.036915999837219715
2,0.020281980745494366
3,0.009853982366621494
4,0.04973044991493225
5,0.00898968055844307
6,0.015682809054851532
7,0.008304990828037262
8,0.01802800688892603
9,0.008269520476460457
10,0.008111436851322651
11,0.025706077925860882
12,0.027388708665966988
13,0.009213568642735481
14,0.01695780549198389
15,0.013607541099190712
16,0.02420844044536352
17,0.028218764811754227
18,0.0501237278804183
19,0.009214049205183983
20,0.008279801346361637
21,0.04736729525029659
22,0.05167142674326897
23,0.026577021926641464
24,0.040700470097362995
25,0.008612684905529022
26,0.027483626268804073
27,0.017216057516634464
28,0.015584928914904594
29,0.02853960357606411
30,0.01531308889389038
31,0.030583776533603668
32,0.019298460334539413
33,0.02951138000935316
34,0.02588835544884205
35,0.014977475628256798
36,0.03247449919581413
37,0.014773257076740265
38,0.009204584173858166
39,0.029568218626081944
40,0.012476908043026924
41,0.015617860481142998
42,0.014803155325353146
43,0.00921581219881773
44,0.017873804084956646
45,0.010152108035981655
46,0.024014136753976345
47,0.021985575556755066
48,0.007248607464134693
49,0.025271376594901085
50,0.022165105678141117
51,0.017424242570996284
52,0.021364914253354073
53,0.015496090985834599
54,0.02378854900598526
55,0.010189835913479328
56,0.008621277287602425
57,0.016140948049724102
58,0.0204207394272089
59,0.00786137580871582
60,0.02549005951732397
61,0.025783712975680828
62,0.006897063925862312
63,0.026309623382985592
64,0.01940989028662443
65,0.0145223094150424
66,0.02493993192911148
67,0.007968294434249401
68,0.01601385325193405
69,0.01565540488809347
