Index, run_time
0,0.014454226940870285
1,0.017548457719385624
2,0.024837912060320377
3,0.016453474760055542
4,0.035763245075941086
5,0.027707750909030437
6,0.008617579005658627
7,0.022115889005362988
8,0.01365814357995987
9,0.02520118560642004
10,0.010728448629379272
11,0.029590210877358913
12,0.01516356784850359
13,0.031515805050730705
14,0.036740582436323166
15,0.02686905488371849
16,0.027102594263851643
17,0.019116569310426712
18,0.02597310021519661
19,0.029661886394023895
20,0.02185807004570961
21,0.023545093834400177
22,0.0267316410318017
23,0.019315902143716812
24,0.017831181176006794
25,0.009983446449041367
26,0.010591691359877586
27,0.01768113486468792
28,0.016590319573879242
29,0.02007345389574766
30,0.019350700080394745
31,0.01581998262554407
32,0.009596988558769226
33,0.016170017421245575
34,0.009884823113679886
35,0.04747696593403816
36,0.04602899309247732
37,0.045812021009624004
38,0.0564958406612277
39,0.027493152767419815
40,0.02056947909295559
41,0.016734587959945202
42,0.03918996546417475
43,0.017782791517674923
44,0.014750984497368336
45,0.01964259147644043
46,0.024131287820637226
47,0.021622718311846256
48,0.013701834715902805
49,0.015008799731731415
50,0.017471575178205967
51,0.011181574314832687
52,0.02800992876291275
53,0.011895626783370972
54,0.01678332220762968
55,0.008547067642211914
56,0.016790319234132767
57,0.026429523713886738
58,0.013587298803031445
59,0.012924198061227798
60,0.04495327640324831
61,0.028833430260419846
62,0.0225797975435853
63,0.01046756748110056
64,0.00867432076483965
65,0.02631258685141802
66,0.016352714970707893
67,0.009033909998834133
68,0.011401394382119179
69,0.013640233315527439
