Index, run_time
0,13.868775237351656
1,5.099125247448683
2,2.999578259885311
3,3.3381545431911945
4,4.424993455410004
5,6.122134272009134
