Index, run_time
0,71.91677284799516
1,121.66735988855362
2,139.78038682043552
3,163.4982107281685
4,186.81779830157757
5,191.78004411049187
