Index, run_time
0,1.18306203186512
1,1.1759557481855154
2,0.9703524131327868
3,1.0142893958836794
4,1.1033263970166445
0,0.9652078673243523
1,0.9241213090717793
2,0.9499807190150023
3,0.9721304588019848
4,0.9859178960323334
