Index, run_time
0,0.03732607886195183
1,0.03437132574617863
2,0.03273029066622257
3,0.04852791875600815
4,0.03325086273252964
5,0.03267795965075493
6,0.030120043084025383
7,0.05718688853085041
8,0.03170658089220524
9,0.03280189074575901
