Index, run_time
0,0.013886231929063797
1,0.008934702724218369
2,0.008825210854411125
3,0.008955992758274078
4,0.008926058188080788
5,0.008956251665949821
6,0.00882820226252079
7,0.008804991841316223
8,0.008818276226520538
9,0.008911807090044022
