Index, run_time
0,0.03172667510807514
1,0.030248383060097694
2,0.028606386855244637
3,0.028821902349591255
4,0.029675176367163658
5,0.03144807741045952
6,0.02948622591793537
7,0.028905745595693588
8,0.029581954702734947
9,0.029014555737376213
