Index, run_time
0,0.00763220340013504
1,0.0214378098025918
