Index, run_time
0,0.22345242835581303
1,0.2516123913228512
