Index, run_time
0,0.008598948828876019
1,0.02037394605576992
