Index, run_time
0,0.027406759560108185
1,0.0079448027536273
