Index, run_time
0,0.21350963599979877
1,0.18312032241374254
