Index, run_time
0,835.672365447972
1,63.71486479463056
2,23.951429829001427
3,21.77086658589542
4,24.08769614668563
5,20.8416537521407
