Index, run_time
0,0.4156158361583948
1,0.2665259074419737
2,0.2385470699518919
3,0.326879620552063
4,0.37352666445076466
