Index, run_time
0,0.6244864463806152
1,0.23154238611459732
2,0.1256637666374445
3,0.18539589643478394
4,0.30079563707113266
