Index, run_time
0,0.7559263315051794
1,0.337553434073925
2,0.16077957674860954
3,0.19097009673714638
4,0.34337567910552025
