Index, run_time
0,0.006700746715068817
1,0.007193148136138916
2,0.008211269974708557
3,0.0071109868586063385
4,0.007063252851366997
