Index, run_time
0,0.014822520315647125
1,0.03026624210178852
2,0.020125824958086014
3,0.006984753534197807
4,0.006589919328689575
