Index, run_time
0,5.0007814560085535
1,4.91376125998795
2,3.356150286272168
3,4.754590576514602
4,3.0193402245640755
0,2.3767407201230526
1,0.533622482791543
2,0.40851434506475925
3,0.3961938004940748
4,1.7126871533691883
