Index, run_time
0,0.010075019672513008
1,0.007862187922000885
2,0.007926113903522491
3,0.007669124752283096
4,0.014080453664064407
0,0.015113748610019684
1,0.008178124204277992
2,0.007496509701013565
3,0.007229890674352646
4,0.00891159288585186
