Index, run_time
0,0.00818011537194252
1,0.010071756318211555
2,0.008045857772231102
3,0.008005788549780846
4,0.008023461326956749
0,0.009652584791183472
1,0.009346112608909607
2,0.008852368220686913
3,0.007717784494161606
4,0.00793801061809063
