Index, run_time
0,0.13903490081429482
1,0.3015599921345711
2,0.08326131291687489
3,0.13470848836004734
4,0.1620833072811365
