Index, run_time
0,0.1644957736134529
1,0.39241320081055164
2,0.3565583601593971
3,0.22550047375261784
4,0.278283579275012
