Index, run_time
0,0.42663857713341713
1,0.2987854275852442
2,0.23150017857551575
3,0.12445852905511856
4,0.14879978261888027
