Index, run_time
0,0.006717948243021965
1,0.007144663482904434
2,0.006629111245274544
3,0.0074413977563381195
4,0.0069993846118450165
