Index, run_time
0,0.1617284920066595
1,0.5195412784814835
2,0.39580104872584343
3,0.34029716067016125
4,0.35151988826692104
