Index, run_time
0,0.007862705737352371
1,0.008489551022648811
2,0.013226287439465523
3,0.0063773877918720245
4,0.013091614469885826
