Index, run_time
0,0.22104153595864773
1,0.42668800987303257
2,0.12291262857615948
3,0.19752394407987595
4,0.2628332767635584
