Index, run_time
0,0.1441369727253914
1,0.4892738591879606
2,0.22621104307472706
3,0.1402146928012371
4,0.13458774983882904
