Index, run_time
0,0.006773544475436211
1,0.006946684792637825
2,0.006597643718123436
3,0.03206539526581764
4,0.007014119997620583
