Index, run_time
0,0.20307022705674171
1,0.3519948571920395
2,0.21645294316112995
3,0.22768398374319077
4,0.21190617233514786
