Index, run_time
0,0.007534943521022797
1,0.006993435323238373
2,0.019931158050894737
3,0.006878655403852463
4,0.006852505728602409
