Index, run_time
0,0.0064417775720357895
1,0.007597764953970909
2,0.00844724290072918
3,0.010912016034126282
4,0.012629363685846329
