Index, run_time
0,0.34091685339808464
1,0.41673582419753075
2,0.13811783120036125
3,0.2714573498815298
4,0.3740197140723467
