Index, run_time
0,0.0070915743708610535
1,0.007026003673672676
2,0.014736771583557129
3,0.006597939878702164
4,0.006784394383430481
