Index, run_time
0,0.25768937170505524
1,0.631733937188983
2,0.13861273974180222
3,0.18176878057420254
4,0.202359514310956
