Index, run_time
0,0.008131468668580055
1,0.007098628208041191
2,0.007755974307656288
3,0.007338760420680046
4,0.007063616067171097
