Index, run_time
0,0.010524088516831398
1,0.008162088692188263
2,0.008724944666028023
3,0.007680872455239296
4,0.015915201976895332
