Index, run_time
0,0.020653728395700455
1,0.007954731583595276
2,0.007869867607951164
3,0.007790829986333847
4,0.007916469126939774
