Index, run_time
0,0.008121665567159653
1,0.007904695346951485
2,0.007726531475782394
3,0.007580883800983429
4,0.00786842405796051
