Index, run_time
0,0.08144121430814266
1,0.08601009473204613
2,0.05079875513911247
3,0.05128634534776211
4,0.04936896078288555
