Index, run_time
0,0.12207247875630856
1,0.19361089915037155
2,0.048898426815867424
3,0.05183151923120022
4,0.08595425263047218
