Index, run_time
0,0.00845322385430336
1,0.010165076702833176
2,0.008169248700141907
3,0.01276814378798008
4,0.009969180449843407
