Index, run_time
0,0.009317878633737564
1,0.012585310265421867
2,0.008047886192798615
3,0.008060185238718987
4,0.008030558004975319
5,0.007866993546485901
6,0.00830349512398243
7,0.00791030190885067
8,0.008121028542518616
9,0.0080935750156641
10,0.008366508409380913
11,0.008175697177648544
12,0.008194748312234879
13,0.008417351171374321
14,0.008289141580462456
15,0.008034149184823036
16,0.008089575916528702
17,0.008273927494883537
18,0.008018739521503448
19,0.008363604545593262
20,0.008254783228039742
21,0.008201748132705688
22,0.008197074756026268
23,0.008017709478735924
24,0.008451614528894424
25,0.008124925196170807
26,0.00816425308585167
27,0.008306881412863731
28,0.008434314280748367
29,0.008158143609762192
0,0.009776860475540161
1,0.008185645565390587
2,0.008213985711336136
3,0.008162813261151314
4,0.008052069693803787
5,0.007992204278707504
6,0.007727513089776039
7,0.007936451584100723
8,0.008026432245969772
9,0.007973957806825638
10,0.007915355265140533
11,0.00866306945681572
12,0.007766161113977432
13,0.008193379268050194
14,0.008116522803902626
15,0.008088687434792519
16,0.008054675534367561
17,0.008656594902276993
18,0.007976468652486801
19,0.027398651465773582
20,0.007743110880255699
21,0.008061371743679047
22,0.009140361100435257
23,0.008201692253351212
24,0.008249375969171524
25,0.008073221892118454
26,0.00803687609732151
27,0.008079668506979942
28,0.008033517748117447
29,0.008052583783864975
