Index, run_time
0,2.1115628900006413
1,0.6723187007009983
2,0.6054547908715904
3,0.6914953980594873
4,0.737152730114758
5,0.7086478010751307
