Index, run_time
0,0.060791973024606705
1,0.007776740938425064
2,0.007813002914190292
3,0.007537359371781349
4,0.007563712075352669
5,0.007793622091412544
6,0.007866660133004189
7,0.007617561146616936
8,0.00776868499815464
9,0.007863879203796387
10,0.007490532472729683
11,0.007556989789009094
12,0.007636992260813713
13,0.007649417966604233
14,0.007756199687719345
15,0.007660491392016411
16,0.008147146552801132
17,0.0076187122613191605
18,0.00813945010304451
19,0.00757523812353611
20,0.0076989103108644485
21,0.007531078532338142
22,0.007861524820327759
23,0.007537756115198135
24,0.007702801376581192
25,0.008286453783512115
26,0.0073271337896585464
27,0.0074007268995046616
28,0.0075656212866306305
29,0.010235173627734184
0,0.009814400225877762
1,0.009333258494734764
2,0.018554551526904106
3,0.007963806390762329
4,0.007842505350708961
5,0.007717899978160858
6,0.007808569818735123
7,0.007837243378162384
8,0.007902262732386589
9,0.01674094796180725
10,0.007833844050765038
11,0.00786207988858223
12,0.014269746840000153
13,0.00787433609366417
14,0.02197280339896679
15,0.008978849276900291
16,0.011140940710902214
17,0.008182752877473831
18,0.015168583020567894
19,0.01645674929022789
20,0.029438776895403862
21,0.008051972836256027
22,0.007926126942038536
23,0.007919875904917717
24,0.007857732474803925
25,0.00788179598748684
26,0.007738586515188217
27,0.013102773576974869
28,0.007890332490205765
29,0.007870672270655632
