Index, run_time
0,0.013668684288859367
1,0.006687924265861511
2,0.0065816305577754974
3,0.006808090955018997
4,0.0070764776319265366
