Index, run_time
0,0.027218866162002087
1,0.01658652536571026
2,0.013225364498794079
3,0.024149486795067787
4,0.011318300850689411
5,0.01429770328104496
6,0.016390475444495678
7,0.008493505418300629
8,0.026415159925818443
9,0.026240337640047073
10,0.010909116826951504
11,0.023904833011329174
12,0.012294621206820011
13,0.009499851614236832
14,0.034532672725617886
15,0.014938974753022194
16,0.0167129747569561
17,0.017749681137502193
18,0.03858520835638046
19,0.011200211942195892
20,0.02829563431441784
21,0.007820178754627705
22,0.026428748853504658
23,0.02386510744690895
24,0.008460590615868568
25,0.02692739013582468
26,0.008538470603525639
27,0.014110320247709751
28,0.011142808943986893
29,0.015163437463343143
30,0.028205396607518196
31,0.00991842895746231
32,0.03327367175370455
33,0.025597277097404003
34,0.008686196058988571
35,0.025120535865426064
36,0.017345399595797062
37,0.010997191071510315
38,0.025270827114582062
39,0.0636281818151474
40,0.011719818226993084
41,0.014513789676129818
42,0.022172958590090275
43,0.010053262114524841
44,0.01058716420084238
45,0.016273285262286663
46,0.016221228055655956
47,0.011197041720151901
48,0.024836980737745762
49,0.029709073714911938
50,0.014892117120325565
51,0.014028978534042835
52,0.016769560985267162
53,0.022268202155828476
54,0.015728049911558628
55,0.01027244795113802
56,0.008542623370885849
57,0.02776044886559248
58,0.008985991589725018
59,0.014817077666521072
60,0.024581258185207844
61,0.014134161174297333
62,0.021721577271819115
63,0.009130897000432014
64,0.009022844024002552
65,0.027945571579039097
66,0.010331542231142521
67,0.025081205181777477
68,0.019624654203653336
69,0.016100121662020683
