Index, run_time
0,0.01427044440060854
1,0.03652066923677921
2,0.012737158685922623
3,0.01610725186765194
4,0.018557213246822357
5,0.014313684776425362
6,0.014826150611042976
7,0.018219098448753357
8,0.012179354205727577
9,0.024394426494836807
10,0.022699576802551746
11,0.007543952204287052
12,0.029840474016964436
13,0.016447552479803562
14,0.008998787961900234
15,0.02337012067437172
16,0.02508235815912485
17,0.022892678156495094
18,0.008421019650995731
19,0.027961941435933113
20,0.02162797935307026
21,0.014217883348464966
22,0.025794857181608677
23,0.008482060395181179
24,0.01365777850151062
25,0.034006050787866116
26,0.018553754314780235
27,0.023704830557107925
28,0.01071297936141491
29,0.008421474136412144
30,0.0388542665168643
31,0.009933345019817352
32,0.026381950825452805
33,0.024463924579322338
34,0.009744900278747082
35,0.024848674423992634
36,0.010532648302614689
37,0.017460377886891365
38,0.02455747965723276
39,0.009265091270208359
40,0.016099046915769577
41,0.016365009360015392
42,0.016373884864151478
43,0.02652060706168413
44,0.010405248031020164
45,0.027039087377488613
46,0.020290731452405453
47,0.007709348574280739
48,0.027320134453475475
49,0.01426614262163639
50,0.01690711360424757
51,0.019831632263958454
52,0.00975159090012312
53,0.030291708186268806
54,0.02539238892495632
55,0.009619267657399178
56,0.024983962066471577
57,0.00845563318580389
58,0.017233015969395638
59,0.02144681289792061
60,0.007592529058456421
61,0.025617610663175583
62,0.009317121468484402
63,0.025488637387752533
64,0.014485823921859264
65,0.015691458247601986
66,0.01590213179588318
67,0.009024519473314285
68,0.02681759186089039
69,0.01560297142714262
