Index, run_time
0,19.669766826555133
1,2.696299323812127
2,3.9282494634389877
3,3.5973568968474865
4,3.3840037882328033
5,4.686135830357671
