Index, run_time
0,0.29616083949804306
1,0.4395770560950041
2,0.2473912090063095
3,0.29222048446536064
4,0.14840956032276154
