Index, run_time
0,0.7477611806243658
1,0.19841074384748936
2,0.2170806210488081
3,0.11693544313311577
4,0.1410443540662527
