Index, run_time
0,0.009296678006649017
1,0.008363651111721992
2,0.00835384801030159
3,0.008167633786797523
4,0.008015763014554977
