Index, run_time
0,0.45062177814543247
1,0.19097495824098587
2,0.3134089224040508
3,0.2042842786759138
4,0.25242274068295956
