Index, run_time
0,0.008912080898880959
1,0.007834607735276222
2,0.008028797805309296
3,0.007611863315105438
4,0.007367443293333054
