Index, run_time
0,0.007511671632528305
1,0.007889512926340103
2,0.026659753173589706
3,0.012443911284208298
4,0.007615664973855019
