Index, run_time
0,0.023602895438671112
1,0.00854501873254776
2,0.06857533194124699
3,0.015661561861634254
4,0.008425669744610786
