Index, run_time
0,0.21373321674764156
1,0.30446212366223335
2,1.013149717822671
3,0.1587694864720106
4,0.19198529608547688
