Index, run_time
0,0.14957363158464432
1,0.35833132825791836
2,0.3627319894731045
3,0.19412962161004543
4,0.24244772642850876
