Index, run_time
0,0.33118995651602745
1,0.5120313968509436
2,0.44763285852968693
3,0.15675578825175762
4,0.1758374571800232
