Index, run_time
0,0.11779175885021687
1,0.14524364098906517
2,0.18785900995135307
3,0.10080360807478428
4,0.12559575773775578
