Index, run_time
0,0.008297540247440338
1,0.009188368916511536
2,0.008344609290361404
3,0.007988626137375832
4,0.0080031156539917
