Index, run_time
0,0.0075688231736421585
1,0.008108997717499733
2,0.00884559378027916
3,0.008321858942508698
4,0.007925977930426598
