Index, run_time
0,0.009293515235185623
1,0.00887266919016838
2,0.009329428896307945
3,0.008495666086673737
4,0.0084672961384058
