Index, run_time
0,0.01447999570518732
1,0.02317512035369873
2,0.0121463593095541
