Index, run_time
0,0.02536120917648077
1,0.007379454560577869
2,0.01364451926201582
