Index, run_time
0,0.01389759685844183
1,0.02504920121282339
2,0.014982614666223526
