Index, run_time
0,0.29521782137453556
1,0.27061557956039906
2,0.26531997323036194
