Index, run_time
0,0.21971894055604935
1,0.21616795007139444
2,0.21304227132350206
