Index, run_time
0,0.01760030724108219
1,0.03573975898325443
2,0.03891207557171583
