Index, run_time
0,0.33903142903000116
1,0.304147994145751
2,0.2828460382297635
