Index, run_time
0,0.4050229378044605
1,0.38147898484021425
2,0.29889447893947363
