Index, run_time
0,3.562526535242796
0,4.153681701049209
1,3.0082716289907694
2,2.632238171994686
3,2.615205593407154
4,2.2982921227812767
