Index, run_time
0,0.05785621888935566
1,0.040001442190259695
2,0.04029685305431485
3,0.04245259100571275
4,0.040567345917224884
