Index, run_time
0,0.047876115422695875
1,0.05098387086763978
2,0.034113780595362186
3,0.03524643229320645
4,0.048243314027786255
