Index, run_time
0,0.009469172917306423
1,0.008282529655843973
2,0.008019961882382631
3,0.007815351709723473
4,0.0077102771028876305
