Index, run_time
0,0.013829756062477827
1,0.00992921506986022
2,0.008314983919262886
3,0.007820190861821175
4,0.007530495058745146
