Index, run_time
0,0.007008254528045654
1,0.03354888595640659
2,0.006767362356185913
3,0.02444080077111721
4,0.015752209350466728
