Index, run_time
0,0.006872199475765228
1,0.006799774244427681
2,0.0069307591766119
3,0.006686147302389145
4,0.0066498927772045135
