Index, run_time
0,8599.204853553325
1,173.2903696410358
2,1641.7162919430993
3,242.2660506623797
4,256.4277727166191
5,247.68315798882395
