Index, run_time
0,563.0510351588018
1,140.65914637222886
2,142.35813015932217
3,147.6793739986606
4,153.42422727216035
5,166.33876555413008
