Index, run_time
0,0.008194038644433022
1,0.0077741555869579315
2,0.01567021943628788
3,0.008069071918725967
4,0.008267495781183243
