Index, run_time
0,0.05821800231933594
1,0.008378066122531891
2,0.008312905207276344
3,0.009266471490263939
4,0.015494843944907188
