Index, run_time
0,0.008302198722958565
1,0.06828196346759796
2,0.02447921596467495
3,0.054290078580379486
4,0.008229656144976616
