Index, run_time
0,0.04097205772995949
1,0.04057702608406544
2,0.09134530276060104
3,0.19009885005652905
4,0.11657634750008583
