Index, run_time
0,0.00841134786605835
1,0.008305355906486511
2,0.008413709700107574
3,0.00811648927628994
4,0.007825957611203194
