Index, run_time
0,0.13303671777248383
1,0.19009090401232243
2,0.03293612040579319
3,0.01786155439913273
4,0.034319840371608734
