Index, run_time
0,0.1662923190742731
1,0.03953245282173157
2,0.03838367946445942
3,0.03262326866388321
4,0.035391462966799736
