Index, run_time
0,0.008945360779762268
1,0.03039592318236828
2,0.008197406306862831
3,0.008149906992912292
4,0.008060097694396973
