Index, run_time
0,0.04010346811264753
1,0.036716715432703495
2,0.022089064121246338
3,0.03343048505485058
4,0.04669687990099192
5,0.027967081405222416
6,0.02609559241682291
7,0.038161312229931355
8,0.0498887887224555
9,0.03828560933470726
10,0.02561258804053068
11,0.03634562809020281
12,0.03874075133353472
13,0.017438171431422234
14,0.04271803703159094
