Index, run_time
0,0.06952615175396204
1,0.03766093496233225
2,0.022811108268797398
3,0.03505927976220846
4,0.05088421516120434
5,0.02997530158609152
6,0.030913236550986767
7,0.036353874020278454
8,0.08236117474734783
9,0.046845391392707825
10,0.02741517499089241
11,0.04843877162784338
12,0.04921587463468313
13,0.023631438612937927
14,0.05405297689139843
