Index, run_time
0,0.007401005364954472
1,0.013275867328047752
2,0.015608180314302444
3,0.014526654034852982
4,0.013270488008856773
5,0.007271992042660713
6,0.017028662376105785
7,0.0222107982262969
8,0.02069769613444805
9,0.006595529615879059
10,0.012914086692035198
11,0.01404420007020235
12,0.012791123241186142
13,0.010099412873387337
14,0.022279799915850163
