Index, run_time
0,0.014630455523729324
1,0.02642114832997322
2,0.007296360097825527
3,0.006843913346529007
4,0.014507240615785122
5,0.013127424754202366
6,0.022610911168158054
7,0.013720929622650146
8,0.011211767792701721
9,0.026462122797966003
10,0.012149594724178314
11,0.006537909619510174
12,0.02620293479412794
13,0.023344925604760647
14,0.008026983588933945
