Index, run_time
1,12.941199105232954
2,14.566378412768245
3,13.425776541233063
4,22.650101834908128
5,22.770310778170824
