Index, run_time
1,5.370134305208921
2,5.531078148633242
3,5.517120713368058
4,7.144425425678492
5,7.271858444437385
