Index, run_time
0,0.013555651530623436
1,0.007010376080870628
2,0.007984956726431847
3,0.011419016867876053
4,0.013187926262617111
