Index, run_time
0,0.24565202370285988
1,0.2983669899404049
2,0.27619698643684387
3,0.20114118792116642
4,0.25128246657550335
