Index, run_time
0,0.24722702242434025
1,0.3145576920360327
2,0.20181568525731564
3,0.19937674328684807
4,0.1503588892519474
