Index, run_time
0,0.14347143471240997
1,0.4197989869862795
2,0.19678603671491146
3,0.2988655585795641
4,0.22338934056460857
