Index, run_time
0,0.20270209945738316
1,0.35402075573801994
2,0.14026818238198757
3,0.25324006378650665
4,0.21293341740965843
