Index, run_time
0,0.008355630561709404
1,0.008768683299422264
2,0.008000882342457771
3,0.008101603016257286
4,0.007992453873157501
