Index, run_time
0,0.08374866470694542
1,0.009827818721532822
2,0.008647078648209572
3,0.008098529651761055
4,0.008745303377509117
