Index, run_time
0,0.38768891245126724
1,0.16306592896580696
2,0.03619050420820713
3,0.1876668855547905
4,0.17642557621002197
