Index, run_time
0,0.27575090900063515
1,0.26097458600997925
2,0.12927829287946224
3,0.09152016416192055
4,0.14065901562571526
