Index, run_time
0,0.00795474462211132
1,0.008196931332349777
2,0.008020976558327675
3,0.00806870311498642
4,0.007966699078679085
