Index, run_time
0,0.013261772692203522
1,0.013509811833500862
2,0.007940495386719704
3,0.008802125230431557
4,0.008907889947295189
