Index, run_time
1,54.6683545447886
2,60.40730577148497
3,53.73260672017932
4,51.254407620057464
5,50.023900520056486
