Index, run_time
0,55.817062348127365
1,43.38265514746308
2,31.9047938529402
3,49.94383856467903
4,35.37755176797509
