Index, run_time
0,2.4922130443155766
1,1.5553060248494148
2,0.8783713839948177
3,1.6128188073635101
4,1.1493397168815136
5,0.6446877121925354
0,4.142618324607611
1,0.6298892199993134
2,0.5843361262232065
3,0.9398355837911367
4,0.9047612529247999
5,0.7437201924622059
