Index, run_time
0,7.5417125672101974
1,7.584904219955206
2,10.088261500000954
3,10.623926807194948
4,17.08077136799693
5,15.378095243126154
