Index, run_time
0,0.014819381758570671
1,0.026823255233466625
2,0.0169355571269989
3,0.009283114224672318
4,0.014857366681098938
5,0.024884183891117573
6,0.013953374698758125
7,0.013092812150716782
8,0.027168224565684795
9,0.01638362556695938
10,0.016008668579161167
11,0.01690232940018177
12,0.015703193843364716
13,0.00826838705688715
14,0.01822737231850624
15,0.014113507233560085
16,0.008505037985742092
17,0.009141468442976475
18,0.024833858013153076
19,0.021137436851859093
20,0.006766539998352528
21,0.01774222683161497
22,0.01521172933280468
23,0.015725741162896156
24,0.01610326860100031
25,0.023623380810022354
26,0.016734127886593342
27,0.00889582559466362
28,0.023801367729902267
29,0.02577599510550499
30,0.007202751003205776
31,0.03352663945406675
32,0.01843922771513462
33,0.0076805101707577705
34,0.026097548194229603
35,0.019376602955162525
36,0.016620798967778683
37,0.015225816518068314
38,0.02041303925216198
39,0.012421175837516785
40,0.015995871275663376
41,0.02556850854307413
42,0.009318547323346138
43,0.026206708513200283
44,0.023613558150827885
45,0.009208214469254017
46,0.01521875336766243
47,0.028665832243859768
48,0.011118004098534584
49,0.015791832469403744
50,0.01048031635582447
51,0.02720170747488737
52,0.015973337925970554
53,0.011869984678924084
54,0.026636846363544464
55,0.014431589283049107
56,0.00821107067167759
57,0.025234010070562363
58,0.02333260979503393
59,0.007330745458602905
60,0.014535023830831051
61,0.023204656317830086
62,0.016174045391380787
63,0.008114183321595192
64,0.018534530885517597
65,0.021763463504612446
66,0.009152515791356564
67,0.02466539293527603
68,0.02554742433130741
69,0.008148344233632088
