Index, run_time
0,0.03057835064828396
1,0.014222483150660992
2,0.015400233678519726
3,0.021883292123675346
4,0.025088267400860786
5,0.03880414832383394
6,0.02187791932374239
7,0.007853279821574688
8,0.030996173620224
9,0.025563441216945648
10,0.018519936129450798
11,0.016167796216905117
12,0.0107190553098917
13,0.03334144037216902
14,0.04196509812027216
15,0.014035303145647049
16,0.015693272463977337
17,0.017819722183048725
18,0.029233530163764954
19,0.025345955044031143
20,0.008178718388080597
21,0.014190403744578362
22,0.033423108980059624
23,0.03137299045920372
24,0.012093879282474518
25,0.03844384104013443
26,0.02097867801785469
27,0.019113787449896336
28,0.02509565744549036
29,0.008919349871575832
30,0.027117354795336723
31,0.039185513742268085
32,0.00827183946967125
33,0.015355885028839111
34,0.02144843339920044
35,0.02723242063075304
36,0.017227333039045334
37,0.019567901268601418
38,0.017500572837889194
39,0.032725353725254536
40,0.013578810729086399
41,0.021998735144734383
42,0.008154082112014294
43,0.02490043919533491
44,0.03217444568872452
45,0.013914796523749828
46,0.04182137083262205
47,0.026434024795889854
48,0.033021317794919014
49,0.023267765529453754
50,0.01448070164769888
51,0.032824826426804066
52,0.03325887303799391
53,0.025277514941990376
54,0.040119197219610214
55,0.02742760255932808
56,0.014280078932642937
57,0.030736048705875874
58,0.02421663887798786
59,0.02453738823533058
60,0.013774748891592026
61,0.02739318460226059
62,0.03553641680628061
63,0.033337248489260674
64,0.019943619146943092
65,0.03521928284317255
66,0.028364092111587524
67,0.02015829738229513
68,0.010034910403192043
69,0.018225732259452343
