Index, run_time
0,0.025812862440943718
1,0.02621935587376356
2,0.012704468332231045
3,0.009317157790064812
4,0.027199325151741505
5,0.01424796599894762
6,0.010190391913056374
7,0.008618741296231747
8,0.014775657095015049
9,0.009826126508414745
10,0.019151772372424603
11,0.01674894243478775
12,0.015765146352350712
13,0.011045841500163078
14,0.01925025973469019
15,0.029758786782622337
16,0.008047657087445259
17,0.016996299847960472
18,0.02451736479997635
19,0.00864043366163969
20,0.01515645906329155
21,0.014292789623141289
22,0.01439205463975668
23,0.007242434658110142
24,0.025329867377877235
25,0.01545868068933487
26,0.009251395240426064
27,0.019891460426151752
28,0.010298728942871094
29,0.009876598604023457
30,0.023139447905123234
31,0.013846582733094692
32,0.008543149568140507
33,0.009166036732494831
34,0.02451576478779316
35,0.009448212571442127
36,0.01678408682346344
37,0.024090045131742954
38,0.010336149483919144
39,0.016798969358205795
40,0.015817871317267418
41,0.015487954951822758
42,0.012705658562481403
43,0.013559564016759396
44,0.015463408082723618
45,0.03439251333475113
46,0.034627972170710564
47,0.02409451548010111
48,0.013107012957334518
49,0.008032773621380329
50,0.035439055413007736
51,0.012015107087790966
52,0.024192679673433304
53,0.010257643647491932
54,0.017543975263834
55,0.012422713451087475
56,0.026542868465185165
57,0.010193130001425743
58,0.024013133719563484
59,0.015290210023522377
60,0.015042895451188087
61,0.015818401239812374
62,0.014878981746733189
63,0.008317576721310616
64,0.009238213300704956
65,0.019138459116220474
66,0.026450159959495068
67,0.009026194922626019
68,0.023928108625113964
69,0.03479553200304508
