Index, run_time
0,0.01830202527344227
1,0.024414803832769394
2,0.05013388302177191
3,0.02794297318905592
4,0.01187106128782034
5,0.020448672585189342
6,0.014077768661081791
7,0.009151823818683624
8,0.024208041839301586
9,0.01733686961233616
10,0.030638611875474453
11,0.01761390082538128
12,0.008523695170879364
13,0.023298080079257488
14,0.012250993400812149
15,0.015916497446596622
16,0.00830573495477438
17,0.0384769793599844
18,0.029166508466005325
19,0.00852208398282528
20,0.02415326703339815
21,0.024294476956129074
22,0.006843783892691135
23,0.024171960540115833
24,0.04134430829435587
25,0.014746204018592834
26,0.015082266181707382
27,0.01636080164462328
28,0.015437053516507149
29,0.015267256647348404
30,0.008374156430363655
31,0.027076801285147667
32,0.01111182477325201
33,0.01184546947479248
34,0.014738555997610092
35,0.009191240184009075
36,0.029836109839379787
37,0.017168731428682804
38,0.016125102527439594
39,0.014277316629886627
40,0.02754080854356289
41,0.008652666583657265
42,0.02632609475404024
43,0.009105955250561237
44,0.009994053281843662
45,0.020705783739686012
46,0.027672043070197105
47,0.02665712684392929
48,0.010564615949988365
49,0.008515608496963978
50,0.02643042802810669
51,0.015973352827131748
52,0.008363507688045502
53,0.03870974946767092
54,0.039251587353646755
55,0.0397942578420043
56,0.017976775765419006
57,0.013810806907713413
58,0.03918000403791666
59,0.02371714450418949
60,0.008209848776459694
61,0.026762076653540134
62,0.015661158598959446
63,0.0318697914481163
64,0.022857212461531162
65,0.017379787750542164
66,0.01465054601430893
67,0.0352106848731637
68,0.015002802945673466
69,0.04584207385778427
