Index, run_time
0,0.026302904821932316
1,0.007937205955386162
2,0.016601504758000374
3,0.015452643856406212
4,0.01453561894595623
5,0.00803471077233553
6,0.02366212010383606
7,0.014277683570981026
8,0.007986018434166908
9,0.03525975067168474
10,0.023136560805141926
11,0.022700905799865723
12,0.01386240590363741
13,0.013937371782958508
14,0.009143112227320671
15,0.022683690302073956
16,0.01671493612229824
17,0.00831972062587738
18,0.031089567579329014
19,0.0174286849796772
20,0.007911823689937592
21,0.02319866232573986
22,0.022739610634744167
23,0.008374362252652645
24,0.02842042688280344
25,0.008035354316234589
26,0.019722143188118935
27,0.015895872376859188
28,0.017617912963032722
29,0.015322891063988209
30,0.033283643424510956
31,0.010422781109809875
32,0.007272104732692242
33,0.02367150504142046
34,0.014319716952741146
35,0.022270220331847668
36,0.023460096679627895
37,0.012729963287711143
38,0.010784730315208435
39,0.017565207555890083
40,0.02703541610389948
41,0.007396433502435684
42,0.023998022079467773
43,0.028712619096040726
44,0.007105093449354172
45,0.02567946072667837
46,0.03317195829004049
47,0.014025261625647545
48,0.025126167573034763
49,0.015699701383709908
50,0.01514607947319746
51,0.009217269718647003
52,0.01122704241424799
53,0.026018078438937664
54,0.022620721720159054
55,0.00785471498966217
56,0.015214566141366959
57,0.02654885407537222
58,0.007385676726698875
59,0.01624345500022173
60,0.022522850893437862
61,0.016760418191552162
62,0.02519491221755743
63,0.019085416570305824
64,0.011533216573297977
65,0.027204285375773907
66,0.029069642536342144
67,0.02335808426141739
68,0.07291856687515974
69,0.04034589137881994
