Index, run_time
0,53.35190061572939
1,47.312184530775994
2,46.11842624191195
3,50.099609449040145
4,41.57585709216073
