Index, run_time
0,0.02034967951476574
1,0.008599746972322464
2,0.007874539121985435
3,0.008033905178308487
4,0.007857892662286758
5,0.007705608382821083
6,0.0075488705188035965
7,0.007468806579709053
8,0.00745181180536747
9,0.007978556677699089
10,0.007724009454250336
11,0.0077402181923389435
12,0.007981676608324051
13,0.007830046117305756
14,0.007772685959935188
15,0.00766955129802227
16,0.014238588511943817
17,0.007983444258570671
18,0.007672837004065514
19,0.007793299853801727
20,0.0077233947813510895
21,0.007707003504037857
22,0.007736770436167717
23,0.007689766585826874
24,0.0076549239456653595
25,0.007578620687127113
26,0.00803062692284584
27,0.007527973502874374
28,0.007604172453284264
29,0.007432093843817711
0,0.047441668808460236
1,0.007709171622991562
2,0.007622040808200836
3,0.008333930745720863
4,0.008135467767715454
5,0.008445687592029572
6,0.008706491440534592
7,0.007822616025805473
8,0.0081332977861166
9,0.008403550833463669
10,0.008473308756947517
11,0.00840677134692669
12,0.007857142016291618
13,0.007787561044096947
14,0.007668124511837959
15,0.008373444899916649
16,0.008182108402252197
17,0.008676398545503616
18,0.009159170091152191
19,0.008035151287913322
20,0.0075681209564208984
21,0.0077831801027059555
22,0.007668104022741318
23,0.008668432012200356
24,0.008295292034745216
25,0.009026167914271355
26,0.007945707067847252
27,0.008412282913923264
28,0.007698846980929375
29,0.007561013102531433
