Index, run_time
0,0.008347755298018456
1,0.007515059784054756
2,0.007173854857683182
3,0.0073875077068805695
4,0.007387429475784302
0,0.0120003130286932
1,0.008942017331719398
2,0.009146781638264656
3,0.007520198822021484
4,0.0074437689036130905
