Index, run_time
0,0.013554440811276436
1,0.007449239492416382
2,0.007653199136257172
3,0.007507063448429108
4,0.007332677021622658
0,0.007814403623342514
1,0.007018178701400757
2,0.0069237444549798965
3,0.02124727889895439
4,0.009051773697137833
