Index, run_time
0,5.636646691709757
1,4.556636018678546
2,3.131736259907484
3,2.9523268081247807
4,2.76301147043705
0,1.9556413609534502
1,2.81459953263402
2,1.767423490062356
3,0.5259072910994291
4,2.8041627630591393
