Index, run_time
0,0.00838782824575901
1,0.008938014507293701
2,0.0078191589564085
3,0.007543735206127167
4,0.007445445284247398
