Index, run_time
0,0.013846691697835922
1,0.008660972118377686
2,0.01625240407884121
3,0.007627781480550766
4,0.009653463959693909
