Index, run_time
0,0.144020302221179
1,0.20035932026803493
2,0.2397853396832943
3,0.19262022152543068
4,0.18615320324897766
