Index, run_time
0,0.019432662054896355
1,0.008338820189237595
2,0.011347098276019096
3,0.006044343113899231
4,0.007146405056118965
