Index, run_time
0,0.008514389395713806
1,0.008270075544714928
2,0.008571730926632881
3,0.008478153496980667
4,0.008728142827749252
