Index, run_time
0,0.06494415365159512
1,0.06982558034360409
2,0.01152569055557251
3,0.006390254944562912
4,0.007382940500974655
