Index, run_time
0,0.01095048151910305
1,0.009316887706518173
2,0.007993608713150024
3,0.00858323648571968
4,0.008116215467453003
