Index, run_time
0,0.008960889652371407
1,0.010170238092541695
2,0.00905022956430912
3,0.008163664489984512
4,0.007729344069957733
