Index, run_time
0,57.667502224911004
1,51.65030630072579
2,51.45572121022269
3,55.269853070843965
4,45.64210238773376
