Index, run_time
0,884.2301427493803
1,773.7732368549332
2,874.0470730122179
3,806.91415844718
4,565.0541262938641
