Index, run_time
0,0.012093883007764816
1,0.0162056814879179
2,0.038823194801807404
3,0.02066878415644169
4,0.02642078883945942
