Index, run_time
0,0.009629618376493454
1,0.00931009091436863
2,0.008827807381749153
3,0.017202770337462425
4,0.010851195082068443
