Index, run_time
0,0.008735714480280876
1,0.007565408945083618
2,0.0071432217955589294
3,0.007019411772489548
4,0.0070183854550123215
