Index, run_time
0,0.007633127272129059
1,0.006330067291855812
2,0.011062758043408394
3,0.007097993046045303
4,0.00826091505587101
