Index, run_time
0,0.008609458804130554
1,0.008918492123484612
2,0.008436959236860275
3,0.00858071818947792
4,0.008653830736875534
