Index, run_time
0,0.00938628613948822
1,0.008743112906813622
2,0.007673835381865501
3,0.007548687979578972
4,0.007633980363607407
