Index, run_time
0,0.24321335926651955
1,0.14013230800628662
2,0.09206330217421055
3,0.11758041940629482
4,0.1407602448016405
