Index, run_time
0,0.023090839385986328
1,0.030954761430621147
2,0.03338055871427059
3,0.032392045482993126
4,0.034258658066391945
