Index, run_time
0,0.051753899082541466
1,0.07502500340342522
2,0.08393295668065548
3,0.12805204279720783
4,0.06246270053088665
