Index, run_time
0,0.0604218915104866
1,0.008588729426264763
2,0.03799108974635601
3,0.01170414686203003
4,0.008554624393582344
