Index, run_time
0,2.9602215234190226
1,0.9057113155722618
2,0.8901024144142866
3,1.3656232599169016
4,1.1167978420853615
5,0.81683131121099
