Index, run_time
0,1724.3026157394052
1,1825.3335504960269
2,1741.4493490494788
3,1961.6656117085367
4,3107.705479964614
5,2121.6696514766663
