Index, run_time
0,158.66342065669596
1,21.881450900807977
2,20.700698044151068
3,20.869219355285168
4,19.966109607368708
5,18.868273923173547
