Index, run_time
1,74.72723328322172
2,92.27404678054154
3,130.28548908047378
4,122.25413143634796
5,128.63132022321224
