Index, run_time
0,64.32929251343012
1,118.86718123406172
2,133.01091483607888
3,158.11212483234704
4,192.28519951179624
5,205.15194753557444
