Index, run_time
0,15.259758410975337
1,3.387076757848263
2,5.561025397852063
3,6.330324091017246
4,6.951163036748767
5,12.61585296690464
