Index, run_time
0,70.78083181474358
1,5.0265671708621085
2,3.8378333267755806
3,3.401556179858744
4,2.9743008078075945
5,3.0497308801859617
