Index, run_time
0,0.03732996992766857
1,0.03455565124750137
2,0.036400893703103065
3,0.03608281910419464
4,0.03586273454129696
