Index, run_time
0,0.008913381025195122
1,0.007890844717621803
2,0.0075348783284425735
3,0.007370425388216972
4,0.007267557084560394
