Index, run_time
0,0.008786356076598167
1,0.007993655279278755
2,0.007795961573719978
3,0.007460780441761017
4,0.007344348356127739
