Index, run_time
0,0.04149978794157505
1,0.0413426049053669
2,0.03677448630332947
3,0.035780852660536766
4,0.033410944044589996
