Index, run_time
0,0.031623298302292824
1,0.00802462175488472
2,0.007505165413022041
3,0.0072777159512043
4,0.007281968370079994
