Index, run_time
1,166.34880076162517
2,155.9400783162564
3,160.37070567533374
4,147.99084327556193
5,152.97453716769814
