Index, run_time
0,5.012618692591786
1,3.5686320196837187
2,3.174007998779416
3,3.28571218252182
4,3.6399913001805544
0,2.7276324052363634
1,2.460141958668828
2,0.9544438179582357
3,0.4363360721617937
4,1.121912768110633
