Index, run_time
0,0.5299072153866291
0,0.5008259322494268
0,57.63782599568367
1,15.471313193440437
2,21.7618066072464
0,6.332494230940938
1,0.9841658808290958
3,12.554661577567458
4,12.694320801645517
5,13.436614328995347
