Index, run_time
0,124.8680969402194
1,29.386126248165965
2,27.471564415842295
3,25.490495825186372
4,22.477817127481103
5,24.941875286400318
