Index, run_time
0,1366.8895503561944
0,1096.3750719800591
1,170.8931728079915
2,163.653515920043
3,1597.2469129804522
4,1585.4024454597384
5,1574.3642119020224
