Index, run_time
0,0.010770779568701982
1,0.008515875786542892
2,0.007698358967900276
3,0.007785068359225988
4,0.007675140630453825
