Index, run_time
0,0.0081472247838974
1,0.00824485719203949
2,0.007550648879259825
3,0.0076294238679111
4,0.007574141025543213
