Index, run_time
0,0.00974915036931634
1,0.008087440393865108
2,0.007833512034267187
3,0.007790050935000181
4,0.007822332438081503
