Index, run_time
0,0.0483004623092711
1,0.07983332313597202
2,0.03469262132421136
3,0.036694400012493134
4,0.041512045077979565
