Index, run_time
0,0.010062824934720993
1,0.00841261725872755
2,0.0079600908793509
3,0.007841994985938072
4,0.0076906620524823666
