Index, run_time
0,0.06639801291748881
1,0.03450347203761339
2,0.03520216513425112
3,0.03650943608954549
4,0.03457227675244212
