Index, run_time
0,0.04410020215436816
1,0.05224103620275855
2,0.03548671118915081
3,0.03500451985746622
4,0.034575304947793484
