Index, run_time
0,0.049015707802027464
1,0.030819121748209
2,0.03434523520991206
3,0.03376544825732708
4,0.03270789375528693
