Index, run_time
0,192.06552211986855
1,393.3214668612927
2,749.6913050492294
3,770.7864932091907
4,1935.9792984919623
