Index, run_time
0,657.3893504920416
1,587.4744849679992
2,604.32300523296
3,640.6562945460901
4,535.1688606389798
