Index, run_time
1,53.180026177316904
2,53.81229967623949
3,58.12439139187336
4,45.53161647170782
5,47.89591517858207
