Index, run_time
1,85.51008009538054
2,100.19024063646793
3,127.26758668385446
4,107.0705780480057
5,140.0083878673613
