Index, run_time
0,50.17423678888008
1,49.15408126497641
2,51.72722031408921
3,56.7599654039368
4,47.19739594403654
