Index, run_time
0,0.019292401149868965
1,0.005805399268865585
2,0.011145660653710365
3,0.007283344864845276
4,0.005770035088062286
5,0.00804281048476696
6,0.008329575881361961
7,0.006078220903873444
8,0.007576242089271545
9,0.006704654544591904
10,0.07335912995040417
11,0.06433583982288837
12,0.05557514540851116
13,0.10065741464495659
14,0.11407504789531231
15,0.11717787198722363
16,0.10728269070386887
17,0.12180132418870926
18,0.1193533968180418
19,0.1094640027731657
20,0.11810069344937801
21,0.1154237613081932
22,0.11623329296708107
23,0.12105121277272701
24,0.11069291643798351
25,0.10839195176959038
26,0.09195142611861229
27,0.07638071477413177
28,0.061814675107598305
29,0.05325511656701565
30,0.04559723660349846
31,0.043609220534563065
32,0.0766559075564146
33,0.09236511588096619
34,0.08964295499026775
35,0.0962397400289774
36,0.0928292628377676
37,0.09656241536140442
38,0.1784390490502119
39,0.16215522028505802
40,0.02009393833577633
41,0.01709459163248539
42,0.013262692838907242
43,0.010700521990656853
44,0.007973527535796165
45,0.006415838375687599
46,0.010083956643939018
47,0.007183760404586792
48,0.006442420184612274
49,0.005989383906126022
50,0.005975076928734779
51,0.006373923271894455
52,0.007512204349040985
53,0.005665559321641922
54,0.00809667631983757
55,0.0060488078743219376
56,0.009371664375066757
57,0.0054809898138046265
58,0.008646463975310326
59,0.014667153358459473
60,0.005667287856340408
61,0.005223410204052925
62,0.005644325166940689
63,0.005772696807980537
64,0.006046907976269722
