Index, run_time
0,0.35559733025729656
1,0.4249774869531393
2,0.1261305119842291
3,0.14895936474204063
4,0.16470705717802048
