Index, run_time
0,0.22860868275165558
1,0.43192875012755394
2,0.4584995526820421
3,0.17154937982559204
4,0.16647343523800373
