Index, run_time
0,0.9145576506853104
1,0.9717256929725409
2,0.42096301168203354
3,0.16763444058597088
4,0.18779401667416096
