Index, run_time
0,0.27684249356389046
1,0.5290382578969002
2,0.3998410440981388
3,0.2410306241363287
4,0.26593575440347195
