Index, run_time
0,0.23955452628433704
1,0.33892710879445076
2,0.46798412688076496
3,0.10944806039333344
4,0.12930912151932716
