Index, run_time
0,0.24860241636633873
1,0.41146028228104115
2,0.20847593247890472
3,0.15215489827096462
4,0.19929999485611916
