Index, run_time
0,0.31722600758075714
1,0.22087795473635197
2,0.2341981027275324
3,0.1507078129798174
4,0.16926834173500538
