Index, run_time
0,0.00895843468606472
1,0.008006313815712929
2,0.04719964601099491
3,0.0077348873019218445
4,0.007114335894584656
