Index, run_time
0,0.6131773572415113
1,0.3842085748910904
2,0.38212556205689907
3,0.24818915873765945
4,0.27941945008933544
