Index, run_time
0,0.008996265009045601
1,0.007631126791238785
2,0.007390163838863373
3,0.007352123036980629
4,0.008258059620857239
