Index, run_time
0,0.008879363536834717
1,0.007651535794138908
2,0.007873376831412315
3,0.007378906011581421
4,0.007440628483891487
