Index, run_time
0,0.008039025589823723
1,0.007851561531424522
2,0.008321618661284447
3,0.00798986479640007
4,0.008265623822808266
