Index, run_time
0,0.007731521502137184
1,0.007940083742141724
2,0.007680956274271011
3,0.007454482838511467
4,0.007330957800149918
