Index, run_time
0,0.03614225424826145
1,0.0077051930129528046
2,0.03346393071115017
3,0.007414495572447777
4,0.007066357880830765
