Index, run_time
0,0.009041223675012589
1,0.007558627054095268
2,0.007707308977842331
3,0.007522307336330414
4,0.007343532517552376
