Index, run_time
0,0.7262252850923687
1,0.010477138217538595
2,0.009911660104990005
3,0.009909205138683319
4,0.009952290914952755
5,0.009916489943861961
6,0.009575386997312307
7,0.009464798029512167
8,0.010079981060698628
9,0.00959586608223617
