Index, run_time
0,0.04456000495702028
1,0.052185926120728254
2,0.040316405007615685
3,0.037075641099363565
4,0.04676854005083442
5,0.039205809123814106
6,0.04271626891568303
7,0.044549575075507164
8,0.058491183910518885
9,0.045447001000866294
