Index, run_time
1,535.1775189638138
2,463.20703356713057
3,474.0240278765559
4,448.9696887880564
5,434.67836288176477
