Index, run_time
1,599.1136911734939
2,726.020240591839
3,760.9529899917543
4,843.5609989389777
5,894.9716011658311
