Index, run_time
0,0.04697571601718664
1,0.042662577237933874
2,0.04469245718792081
3,0.04127740813419223
4,0.039616893976926804
5,0.04118446772918105
6,0.04145720228552818
7,0.03637888701632619
8,0.04363555880263448
9,0.036691456101834774
10,0.03656624490395188
11,0.03336931858211756
12,0.03326688427478075
13,0.033392657060176134
14,0.03358505293726921
15,0.034637453965842724
16,0.03321484196931124
17,0.03352460078895092
18,0.0331700979731977
19,0.03339348407462239
20,0.04460275126621127
21,0.03575122123584151
22,0.030277105048298836
23,0.03078771708533168
24,0.030796176753938198
25,0.031365585047751665
26,0.031231279019266367
27,0.03244269406422973
28,0.03222648613154888
29,0.03334768442437053
30,0.03278207778930664
31,0.03269457630813122
32,0.03216485911980271
33,0.03301133867353201
34,0.03242295002564788
35,0.03715440910309553
36,0.035058570094406605
37,0.03555925702676177
38,0.0337953045964241
39,0.03456737194210291
40,0.03410463221371174
41,0.03465571207925677
42,0.034803370013833046
43,0.03423019498586655
44,0.035067118704319
45,0.035436209756881
46,0.029886003118008375
47,0.030746897216886282
48,0.031135217286646366
49,0.03129668394103646
50,0.035818280186504126
51,0.03230879083275795
52,0.03154927399009466
53,0.033343845047056675
54,0.03320500487461686
55,0.03403696697205305
56,0.032916939817368984
57,0.034117433708161116
58,0.03346205968409777
59,0.035437901969999075
60,0.03454933175817132
61,0.037356147076934576
62,0.035314295906573534
63,0.03568679699674249
64,0.035733378026634455
