Index, run_time
0,340.7301889308728
1,581.2443173532374
2,897.7642470831051
3,1174.9227931471542
4,2243.5586228561588
