Index, run_time
0,1032.5316906319931
1,972.5322937397286
2,1191.4746520840563
2,1199.5236180140637
3,1308.5694583561271
4,1139.6810455308296
