Index, run_time
0,2867.1936327787116
1,2683.5792091568
2,2938.936262176372
3,2744.0421961382963
4,2839.9678374072537
