Index, run_time
0,0.0071867648512125015
1,0.007436053827404976
2,0.007239988073706627
3,0.007352890446782112
4,0.007208205759525299
