Index, run_time
0,0.27992633171379566
1,0.22968218475580215
2,0.34590584598481655
3,0.22898092679679394
4,0.2801947817206383
