Index, run_time
0,0.010684133972972631
1,0.007274237927049398
2,0.007064824923872948
3,0.00725133391097188
4,0.007278737612068653
