Index, run_time
0,0.050735765136778355
1,0.03655767301097512
2,0.06506423791870475
3,0.06567338481545448
4,0.1227796939201653
