Index, run_time
0,0.009251269046217203
1,0.008376652374863625
2,0.00763179175555706
3,0.007382022682577372
4,0.007374768145382404
