Index, run_time
0,0.04111806023865938
1,0.036107155960053205
2,0.03433558018878102
3,0.034469818230718374
4,0.03475003922358155
