Index, run_time
0,0.008954375050961971
1,0.0076551372185349464
2,0.008394711650907993
3,0.017023892141878605
4,0.007329373620450497
