Index, run_time
0,0.041389909107238054
1,0.03832538891583681
2,0.03472767909988761
3,0.050802215933799744
4,0.03645512228831649
