Index, run_time
0,0.008249515667557716
1,0.009558771271258593
2,0.008247549179941416
3,0.007510594092309475
4,0.007478025276213884
