Index, run_time
0,0.041944754775613546
1,0.04082829179242253
2,0.05671055195853114
3,0.03581206640228629
4,0.04057970270514488
