Index, run_time
0,957.9460290875286
1,2664.8980920016766
2,2242.4024135749787
3,3012.5812556054443
4,4690.948599459603
5,6859.094617856666
