Index, run_time
0,109.9093756545335
1,20.097205920144916
2,49.2583354562521
3,34.09508744068444
4,62.57000753842294
5,53.73843174986541
