Index, run_time
0,0.007287904620170593
1,0.007770944386720657
2,0.007329745218157768
3,0.007286939769983292
4,0.007225636392831802
