Index, run_time
0,0.0090282391756773
1,0.023327186703681946
2,0.00758727639913559
3,0.007268646731972694
4,0.006838863715529442
