Index, run_time
0,0.1743878796696663
1,0.1927413698285818
2,0.17057313583791256
3,0.1632630042731762
4,0.1752627920359373
