Index, run_time
0,0.007007589563727379
1,0.007051996886730194
2,0.006997367367148399
3,0.006580682471394539
4,0.006583452224731445
