Index, run_time
0,0.35552974231541157
1,0.3485748339444399
2,0.24294421263039112
3,0.204130282625556
4,0.2029827032238245
