Index, run_time
0,0.19485056027770042
1,0.17377432063221931
2,0.17683203890919685
3,0.17570539377629757
4,0.17507296241819859
