Index, run_time
0,0.008531829342246056
1,0.008010879158973694
2,0.037862153723835945
3,0.007839996367692947
4,0.05622480437159538
