Index, run_time
0,0.009538713842630386
1,0.010507199913263321
2,0.01544206589460373
3,0.018627503886818886
4,0.014754388481378555
