Index, run_time
0,2.0508615728467703
1,1.6798451524227858
2,1.5334016289561987
3,1.559636989608407
4,1.5639323592185974
