Index, run_time
0,0.008162803947925568
1,0.007505534216761589
2,0.007481662556529045
3,0.007342541590332985
4,0.0072494447231292725
