Index, run_time
0,0.006632788106799126
1,0.006667306646704674
2,0.006621852517127991
3,0.0064843278378248215
4,0.00661039911210537
