Index, run_time
0,0.010001273825764656
1,0.007465735077857971
2,0.0073612164705991745
3,0.007344760000705719
4,0.007357567548751831
