Index, run_time
0,1.4029894974082708
1,0.9942751564085484
2,1.0262554567307234
3,1.036862887442112
4,1.037034435197711
