Index, run_time
0,1.8305852990597486
1,1.7274374533444643
2,1.7256441917270422
3,1.617562510073185
4,1.57161127589643
