Index, run_time
0,0.17668716982007027
1,0.3215317167341709
2,0.24834966287016869
3,0.2516485955566168
4,0.15553846769034863
