Index, run_time
0,0.04971850570291281
1,0.04351643519476056
2,0.05008526938036084
3,0.05153358168900013
4,0.07691521104425192
