Index, run_time
0,0.010908619966357946
1,0.007227892056107521
2,0.00818144716322422
3,0.008355628233402967
4,0.01781385112553835
