Index, run_time
0,0.008015310391783714
1,0.007242064923048019
2,0.007286518812179565
3,0.006982326507568359
4,0.0071204714477062225
0,0.00782686099410057
1,0.007298203185200691
2,0.006722740828990936
3,0.0067735519260168076
4,0.0066567640751600266
