Index, run_time
0,7.018746197223663
1,6.851986205205321
2,6.797642720863223
3,5.531226132065058
4,4.726329945027828
0,0.550170574337244
1,0.38953597098588943
2,0.38545266911387444
3,0.3863563518971205
4,0.37862252444028854
