Index, run_time
0,0.012647764757275581
1,0.0068704914301633835
2,0.0067395176738500595
3,0.006728535518050194
4,0.00695628859102726
0,0.006962448358535767
1,0.006650902330875397
2,0.006490675732493401
3,0.006545284762978554
4,0.00761079229414463
