Index, run_time
0,0.055440437979996204
1,0.03372793411836028
2,0.03715843288227916
3,0.036397744435817
4,0.0335651938803494
5,0.03456451836973429
6,0.03498932905495167
7,0.03530392609536648
8,0.038117998745292425
9,0.035833111964166164
10,0.03801375301554799
11,0.03857406182214618
12,0.03873217524960637
13,0.03703592997044325
14,0.038151209242641926
15,0.038869929034262896
16,0.03812169190496206
17,0.03928453987464309
18,0.038992119021713734
19,0.03740961430594325
20,0.038737813010811806
21,0.03898264700546861
22,0.038273279555141926
23,0.03984376508742571
24,0.03950660675764084
25,0.03493126202374697
26,0.038970254361629486
27,0.03526063822209835
28,0.03449551900848746
29,0.03530255099758506
30,0.036048040725290775
31,0.03540263883769512
32,0.03766978392377496
33,0.03494084905833006
34,0.03733515692874789
35,0.0369076170027256
36,0.037194518372416496
37,0.03847510600462556
38,0.037420765962451696
39,0.037694120313972235
40,0.03937825188040733
41,0.03781678294762969
42,0.038969318848103285
43,0.04016178706660867
44,0.039644128642976284
45,0.03998663276433945
46,0.039666126016527414
47,0.03990243002772331
48,0.034703278448432684
49,0.034410076681524515
50,0.03577421931549907
51,0.034475451335310936
52,0.038348983973264694
53,0.03459772793576121
54,0.035855443216860294
55,0.037487505935132504
56,0.03699196968227625
57,0.039560309145599604
58,0.03669361583888531
59,0.0375665039755404
60,0.03798906598240137
61,0.036348049994558096
62,0.037894366309046745
63,0.03723607072606683
64,0.037069319281727076
