Index, run_time
0,4.257555289193988
1,3.9345992170274258
2,3.38735206797719
3,4.261614676564932
4,3.0480169374495745
0,0.402234997600317
1,0.31767713464796543
2,0.31264962814748287
3,0.29083933122456074
4,0.293471222743392
