Index, run_time
0,0.013328632339835167
1,0.00847269594669342
2,0.007849492132663727
3,0.007509147748351097
4,0.007906364277005196
0,0.009984657168388367
1,0.007190443575382233
2,0.007127583026885986
3,0.006894439458847046
4,0.006810987368226051
