Index, run_time
0,4.112541198730469
1,4.665678508579731
2,4.214162923395634
3,4.734645698219538
4,4.915363760665059
0,0.4004061073064804
1,0.30200569331645966
2,0.29439180716872215
3,0.2876720242202282
4,0.28559059649705887
