Index, run_time
0,6.1839562356472015
1,10.43912279047072
2,8.537725890055299
3,5.21567172370851
4,6.105586564168334
5,8.484452959150076
