Index, run_time
0,2.5803256891667843
1,0.6287957560271025
2,0.7694741040468216
3,0.9999233409762383
4,1.5057164076715708
5,0.6692993994802237
