Index, run_time
0,0.026587574742734432
1,0.02740042842924595
2,0.02389591932296753
3,0.008760685101151466
4,0.016527527943253517
5,0.019379115663468838
6,0.008224190212786198
7,0.017414074391126633
8,0.011785483919084072
9,0.017282990738749504
10,0.009108453057706356
11,0.026399346999824047
12,0.02974445652216673
13,0.0073356712237000465
14,0.015255778096616268
15,0.02717561088502407
16,0.013297129422426224
17,0.015780586749315262
18,0.008078604005277157
19,0.0166301466524601
20,0.022454848513007164
21,0.03648878261446953
22,0.022094224579632282
23,0.007941734045743942
24,0.02002633549273014
25,0.014554177410900593
26,0.019049090333282948
27,0.0126896807923913
28,0.0179990092292428
29,0.03760541044175625
30,0.011036311276257038
31,0.015990406274795532
32,0.0262302216142416
33,0.014825345017015934
34,0.017525617964565754
35,0.007029758766293526
36,0.02674944046884775
37,0.014921260997653008
38,0.009926381520926952
39,0.025318903848528862
40,0.021481193602085114
41,0.01904345117509365
42,0.019847029820084572
43,0.026923703961074352
44,0.01581557560712099
45,0.014535480178892612
46,0.009758430533111095
47,0.016886770725250244
48,0.015322878956794739
49,0.008253454230725765
50,0.021426958963274956
51,0.02652435377240181
52,0.010729764588177204
53,0.015102813951671124
54,0.01600733958184719
55,0.015650231391191483
56,0.00823049433529377
57,0.014789022505283356
58,0.027230525389313698
59,0.009086632169783115
60,0.02705792337656021
61,0.01292093563824892
62,0.007571656256914139
63,0.024290034547448158
64,0.02934435848146677
65,0.010311725549399853
66,0.014191005378961563
67,0.0149335702881217
68,0.009617961011826992
69,0.0235055610537529
