Index, run_time
0,0.01380759198218584
1,0.01628558710217476
2,0.01564365066587925
3,0.024049367755651474
4,0.008973096497356892
5,0.007296859286725521
6,0.025910038501024246
7,0.025175953283905983
8,0.008210367523133755
9,0.02861505839973688
10,0.013835468329489231
11,0.022294538095593452
12,0.027212695218622684
13,0.026207925751805305
14,0.007766289636492729
15,0.023076250217854977
16,0.027292536571621895
17,0.009936402551829815
18,0.008074598386883736
19,0.026093505322933197
20,0.015517545863986015
21,0.0118190823122859
22,0.028678870759904385
23,0.027515213005244732
24,0.01588728278875351
25,0.00856431107968092
26,0.03143453039228916
27,0.023837958462536335
28,0.016510329209268093
29,0.00950175616890192
30,0.016105939634144306
31,0.008910364471375942
32,0.017152524553239346
33,0.016675525344908237
34,0.021434947848320007
35,0.030482853762805462
36,0.015273543074727058
37,0.025190414860844612
38,0.02744154818356037
39,0.00833849050104618
40,0.01628785952925682
41,0.017373010516166687
42,0.03571483585983515
43,0.019320492632687092
44,0.01530368346720934
45,0.010102714411914349
46,0.028418545611202717
47,0.026794863864779472
48,0.007517622783780098
49,0.015703084878623486
50,0.028631670400500298
51,0.00934909749776125
52,0.028284085914492607
53,0.03809108305722475
54,0.02155439555644989
55,0.01188543252646923
56,0.024211964569985867
57,0.007503628730773926
58,0.015357191674411297
59,0.015189096331596375
60,0.03226287662982941
61,0.044000549241900444
62,0.020252954214811325
63,0.025812452659010887
64,0.025850271806120872
65,0.018204686231911182
66,0.026795143261551857
67,0.011816351674497128
68,0.015413567423820496
69,0.01448392029851675
