Index, run_time
0,0.01395797822624445
1,0.03297101799398661
2,0.024761403910815716
3,0.010766992345452309
4,0.046318856067955494
5,0.04344401974231005
6,0.02731795608997345
7,0.05245756823569536
8,0.01141104195266962
9,0.009264931082725525
10,0.025105495937168598
11,0.012744913809001446
12,0.010298490524291992
13,0.015064116567373276
14,0.014952452853322029
15,0.016723952256143093
16,0.016148235648870468
17,0.025867543183267117
18,0.02215632889419794
19,0.009323930367827415
20,0.017973242327570915
21,0.015468008816242218
22,0.015579569153487682
23,0.015569535084068775
24,0.009865473955869675
25,0.025129913352429867
26,0.0131705766543746
27,0.008828872814774513
28,0.02497988101094961
29,0.01589175406843424
30,0.016947609372437
31,0.021054421551525593
32,0.030230599455535412
33,0.014508974738419056
34,0.02556163165718317
35,0.008192564360797405
36,0.009207013994455338
37,0.028362397104501724
38,0.025641124695539474
39,0.008768735453486443
40,0.030241768807172775
41,0.011636780574917793
42,0.016372207552194595
43,0.022232189774513245
44,0.01080698799341917
45,0.03206533845514059
46,0.054629585705697536
47,0.01666073501110077
48,0.024875450879335403
49,0.015145495533943176
50,0.018002853728830814
51,0.0095478231087327
52,0.016094639897346497
53,0.022933087311685085
54,0.008739390410482883
55,0.008385260589420795
56,0.02668021433055401
57,0.00812166091054678
58,0.0369483157992363
59,0.015352005138993263
60,0.01536049135029316
61,0.008394657634198666
62,0.03446629364043474
63,0.009197643026709557
64,0.01484210230410099
65,0.02469065599143505
66,0.008309981785714626
67,0.028717124834656715
68,0.02015924546867609
69,0.01524409931153059
