Index, run_time
0,0.01060615573078394
1,0.014596289955079556
2,0.023601429536938667
3,0.012402994558215141
4,0.017527897842228413
5,0.016328628174960613
6,0.017159324139356613
7,0.009568079374730587
8,0.01858819928020239
9,0.02553014736622572
10,0.008867746219038963
11,0.017007487826049328
12,0.010532770305871964
13,0.01506359875202179
14,0.026776921935379505
15,0.010754400864243507
16,0.0166449761018157
17,0.010573496110737324
18,0.014193758368492126
19,0.01849918533116579
20,0.008772122673690319
21,0.03447176143527031
22,0.046900007873773575
23,0.00812090840190649
24,0.012019152753055096
25,0.02570326905697584
26,0.010469880886375904
27,0.009794766083359718
28,0.027910915203392506
29,0.025692480616271496
30,0.010547477751970291
31,0.04758694861084223
32,0.020661653950810432
33,0.010607126168906689
34,0.03259598929435015
35,0.022026997059583664
36,0.009975590743124485
37,0.009084575809538364
38,0.023941275663673878
39,0.011433628387749195
40,0.050713712349534035
41,0.013865469954907894
42,0.011868958361446857
43,0.01867267396301031
44,0.01006496511399746
45,0.01708592288196087
46,0.011819195002317429
47,0.010166985914111137
48,0.015282037667930126
49,0.008854051120579243
50,0.013123600743710995
51,0.015609155409038067
52,0.019193761982023716
53,0.008783143013715744
54,0.010693063959479332
55,0.010159102268517017
56,0.014764847233891487
57,0.008371390402317047
58,0.01028306782245636
59,0.009045328944921494
60,0.015071299858391285
61,0.010850119404494762
62,0.017245621420443058
63,0.009172617457807064
64,0.009763969108462334
65,0.01691537257283926
66,0.010894784703850746
67,0.010699045844376087
68,0.020107180811464787
69,0.009771997109055519
