Index, run_time
0,0.028133343905210495
1,0.03360435366630554
2,0.033607068471610546
3,0.030178739689290524
4,0.018148801289498806
5,0.011805414222180843
6,0.027349877171218395
7,0.04243955574929714
8,0.016096241772174835
9,0.01019988488405943
10,0.02383249718695879
11,0.013228743337094784
12,0.03455581795424223
13,0.025735419243574142
14,0.01603296399116516
15,0.02568788453936577
16,0.03600543178617954
17,0.02960282750427723
18,0.015198297798633575
19,0.007828756235539913
20,0.03190539684146643
21,0.02434852346777916
22,0.025136715732514858
23,0.024434609338641167
24,0.027094616554677486
25,0.008285013027489185
26,0.024834212847054005
27,0.03210827521979809
28,0.02007553819566965
29,0.00852174125611782
30,0.02746367733925581
31,0.03360259719192982
32,0.022978318855166435
33,0.016938108950853348
34,0.034444792196154594
35,0.02589424978941679
36,0.028293064795434475
37,0.007905391976237297
38,0.02816171571612358
39,0.05038184393197298
40,0.015749510377645493
41,0.014874533750116825
42,0.01195746660232544
43,0.03182919416576624
44,0.026973898522555828
45,0.009372581727802753
46,0.02744000218808651
47,0.022685211151838303
48,0.018914110027253628
49,0.03706930112093687
50,0.03164277598261833
51,0.008167083375155926
52,0.015611582435667515
53,0.03320789337158203
54,0.05112822726368904
55,0.013944318518042564
56,0.007326063700020313
57,0.013840009458363056
58,0.02745844703167677
59,0.018101333640515804
60,0.03936640452593565
61,0.020344736985862255
62,0.04022173024713993
63,0.03377869911491871
64,0.014925382100045681
65,0.01775464415550232
66,0.014598147943615913
67,0.02602763008326292
68,0.02804281935095787
69,0.02157910354435444
