Index, run_time
0,0.02926948480308056
1,0.01639947947114706
2,0.0355332363396883
3,0.012914767488837242
4,0.027258976362645626
5,0.011854611337184906
6,0.027939853258430958
7,0.03021997306495905
8,0.01468572299927473
9,0.00841107964515686
10,0.02706949971616268
11,0.0200891001150012
12,0.028669126331806183
13,0.02405533753335476
14,0.009057640098035336
15,0.042194999754428864
16,0.030500750988721848
17,0.011514767073094845
18,0.0073921093717217445
19,0.010791653767228127
20,0.027762596495449543
21,0.023441335186362267
22,0.015912682749330997
23,0.014741244725883007
24,0.0196599205955863
25,0.0345281008630991
26,0.029954319819808006
27,0.036029196344316006
28,0.008987865410745144
29,0.025333549827337265
30,0.02918637078255415
31,0.009222854860126972
32,0.01646900177001953
33,0.047123572789132595
34,0.033932541497051716
35,0.022855420596897602
36,0.026102423667907715
37,0.014323479495942593
38,0.023872897028923035
39,0.024158619344234467
40,0.013440035283565521
41,0.03550547640770674
42,0.026831909082829952
43,0.010849879123270512
44,0.015303682535886765
45,0.026065116748213768
46,0.0362991401925683
47,0.009946748614311218
48,0.014035221189260483
49,0.015723359771072865
50,0.017280947417020798
51,0.03616750333458185
52,0.032307025976479053
53,0.03633720241487026
54,0.032859732396900654
55,0.015394333750009537
56,0.008420683443546295
57,0.0465039974078536
58,0.027861028909683228
59,0.03780484385788441
60,0.015466148965060711
61,0.008385353721678257
62,0.03933468088507652
63,0.04574593901634216
64,0.022563154809176922
65,0.06437143869698048
66,0.02419935818761587
67,0.016566947102546692
68,0.01584660168737173
69,0.014181125909090042
