Index, run_time
0,0.008106870576739311
1,0.025969350710511208
2,0.007774630561470985
3,0.015822327695786953
4,0.020393915474414825
5,0.014860480092465878
6,0.007562868297100067
7,0.03301145322620869
8,0.024419860914349556
9,0.03169449511915445
10,0.02621263638138771
11,0.00815599225461483
12,0.009770374745130539
13,0.026529847644269466
14,0.02657951321452856
15,0.008655531331896782
16,0.017703469842672348
17,0.016469321213662624
18,0.006943940185010433
19,0.02570493519306183
20,0.01631734985858202
21,0.00782258901745081
22,0.023535454645752907
23,0.008243455551564693
24,0.014074311591684818
25,0.02361209038645029
26,0.014067556709051132
27,0.011478208936750889
28,0.028073804453015327
29,0.009455867111682892
30,0.03222960699349642
31,0.0268390029668808
32,0.008724108338356018
33,0.0167885459959507
34,0.03734970651566982
35,0.018858361057937145
36,0.00938180647790432
37,0.027224729768931866
38,0.018366986885666847
39,0.01704897079616785
40,0.028912399895489216
41,0.010221986100077629
42,0.017580900341272354
43,0.018716176971793175
44,0.0233698645606637
45,0.01519138365983963
46,0.016931410878896713
47,0.008275231346487999
48,0.024954017251729965
49,0.02635899931192398
50,0.010318690910935402
51,0.015421967953443527
52,0.0246628625318408
53,0.007512466982007027
54,0.015377548523247242
55,0.01477051991969347
56,0.011985428631305695
57,0.013958345167338848
58,0.009928363375365734
59,0.014175700955092907
60,0.014869573526084423
61,0.023372742347419262
62,0.00835385825484991
63,0.015751422382891178
64,0.027112719602882862
65,0.009014385752379894
66,0.014644571579992771
67,0.0173037713393569
68,0.016002826392650604
69,0.023813102394342422
