Index, run_time
0,0.013775172177702188
1,0.00899119209498167
2,0.008360544219613075
3,0.018820337019860744
4,0.00791113032028079
