Index, run_time
0,0.04239214723929763
1,0.03348667407408357
2,0.04059670399874449
3,0.036036967765539885
4,0.0380613012239337
