Index, run_time
0,0.05381632596254349
1,0.03707941109314561
2,0.1035837191157043
3,0.13194690691307187
4,0.08461409993469715
