Index, run_time
0,0.014902655966579914
1,0.008315168786793947
2,0.007958054076880217
3,0.007832843344658613
4,0.008000202011317015
