Index, run_time
0,0.020080870017409325
1,0.01710263080894947
2,0.008752580732107162
3,0.00934956967830658
4,0.007317833602428436
5,0.008754115551710129
6,0.006697284057736397
7,0.007565496489405632
8,0.00804038718342781
9,0.0074984245002269745
10,0.009225675836205482
11,0.0062738265842199326
12,0.0072171650826931
13,0.006467312574386597
14,0.008138325065374374
15,0.00592147558927536
16,0.00680689699947834
17,0.008206067606806755
18,0.007207844406366348
19,0.007333399727940559
20,0.006386188790202141
21,0.0076515525579452515
22,0.0059350840747356415
23,0.008147191256284714
24,0.007394593209028244
25,0.009441960602998734
26,0.005431795492768288
27,0.007558723911643028
28,0.006684623658657074
29,0.009578784927725792
30,0.007022183388471603
31,0.009168673306703568
32,0.008345643058419228
33,0.006604863330721855
34,0.006617629900574684
35,0.00583423487842083
36,0.005066653713583946
37,0.008988795801997185
38,0.006351621821522713
39,0.006891431286931038
40,0.0052095018327236176
41,0.008447173982858658
42,0.007875749841332436
43,0.006778400391340256
44,0.006977519020438194
45,0.006245279684662819
46,0.006894836202263832
47,0.009104276075959206
48,0.007589936256408691
49,0.00785989873111248
50,0.007242362946271896
51,0.006873605772852898
52,0.006548281759023666
53,0.0072360895574092865
54,0.007373100146651268
55,0.007165985181927681
56,0.006526976823806763
57,0.007385076954960823
58,0.0074539706110954285
59,0.007057646289467812
60,0.008346512913703918
61,0.0081253070384264
62,0.00838010199368
63,0.007030019536614418
64,0.006663968786597252
