Index, run_time
0,0.0652683381922543
1,0.04590972186997533
2,0.04753777803853154
3,0.046351552940905094
4,0.037618123926222324
