Index, run_time
0,0.0782511867582798
1,0.04026945307850838
2,0.05749535281211138
3,0.033706799149513245
4,0.040113620925694704
