Index, run_time
0,0.011565218213945627
1,0.009639563970267773
2,0.009127871133387089
3,0.009038954973220825
4,0.00861481111496687
