Index, run_time
0,0.008574414998292923
1,0.008045082911849022
2,0.007422352209687233
3,0.007185203023254871
4,0.007243903819471598
