Index, run_time
0,0.055677070282399654
1,0.04921905277296901
2,0.03614018717780709
3,0.037696572951972485
4,0.032328338362276554
