Index, run_time
0,0.045377274975180626
1,0.03737552184611559
2,0.039312510285526514
3,0.03657568199560046
4,0.047303167171776295
