Index, run_time
0,0.01562990341335535
1,0.014533194247633219
2,0.015259504783898592
3,0.014146383851766586
4,0.01218163687735796
