Index, run_time
0,0.19447617419064045
1,0.1815814394503832
2,0.06768759526312351
3,0.0676436685025692
4,0.07326622121036053
