Index, run_time
0,0.06950547732412815
1,0.05296032316982746
2,0.047135522589087486
3,0.050312429666519165
4,0.043266536667943
