Index, run_time
0,0.036531951278448105
1,0.010086994618177414
2,0.008594008162617683
3,0.00826992280781269
4,0.008093578740954399
