Index, run_time
0,0.09702078439295292
1,0.10701650939881802
2,0.10003112442791462
3,0.10384678095579147
4,0.09512057341635227
