Index, run_time
0,0.07759281992912292
1,0.05883032828569412
2,0.06552098877727985
3,0.07011989504098892
4,0.06638110429048538
