Index, run_time
0,0.00997820496559143
1,0.008852439001202583
2,0.008488019928336143
3,0.014535633847117424
4,0.01464647427201271
