Index, run_time
0,0.0247548446059227
1,0.009838948026299477
2,0.008319700136780739
3,0.008382035419344902
4,0.01349600963294506
