Index, run_time
0,0.00985012762248516
1,0.007947536185383797
2,0.008012959733605385
3,0.007909102365374565
4,0.009157320484519005
