Index, run_time
0,39.70756764896214
1,32.13907173834741
2,27.998618870973587
3,31.66029030829668
4,23.396287674084306
