Index, run_time
0,34.01143635995686
1,22.787605121731758
2,5.769245736300945
3,8.504333535209298
4,10.941190088167787
