Index, run_time
0,0.014500530436635017
1,0.00791458785533905
2,0.008023889735341072
3,0.01935097575187683
4,0.015007328242063522
0,0.009034069254994392
1,0.00729706697165966
2,0.007175149396061897
3,0.007060155272483826
4,0.007186722010374069
