Index, run_time
0,0.014364540576934814
1,0.009057072922587395
2,0.023909762501716614
3,0.008084243163466454
4,0.00992094911634922
0,0.011530663818120956
1,0.007592562586069107
2,0.007531546056270599
3,0.00732773169875145
4,0.0074638482183218
