Index, run_time
0,7.1152047868818045
1,5.830169837921858
2,4.7633692510426044
3,3.7478157430887222
4,3.906651549041271
0,1.9534749872982502
1,0.5513394437730312
2,0.4412768352776766
3,0.439545338973403
4,0.4850792195647955
