Index, run_time
0,294.2499563843012
1,520.7526127081364
2,772.0198498796672
3,23.585004983469844
4,46.074463000521064
