Index, run_time
0,0.025920435786247253
1,0.007206296548247337
2,0.007372112944722176
3,0.006844973191618919
4,0.007839681580662727
0,0.008300567045807838
1,0.006785474717617035
2,0.006872843950986862
3,0.006838154047727585
4,0.0068667177110910416
