Index, run_time
0,5.296916523948312
1,6.4943401254713535
2,4.759254151955247
3,4.45997534878552
4,5.317448724061251
0,0.43857025168836117
1,0.31242593936622143
2,0.31643818505108356
3,0.32914880476891994
4,0.30779807455837727
