Index, run_time
0,0.007082514464855194
1,0.008191021159291267
2,0.007212882861495018
3,0.006894707679748535
4,0.006859667599201202
0,0.0060823578387498856
1,0.008459117263555527
2,0.006888920441269875
3,0.006780741736292839
4,0.0072233472019433975
