Index, run_time
0,0.012466059997677803
1,0.007352005690336227
2,0.007576661184430122
3,0.00680946372449398
4,0.007785169407725334
0,0.007981549948453903
1,0.006563285365700722
2,0.0067664459347724915
3,0.0065887607634067535
4,0.006727175787091255
