Index, run_time
0,0.055263552349060774
1,0.03558620624244213
2,0.03479170287027955
3,0.034506809897720814
4,0.034674227237701416
5,0.0371863404288888
6,0.034903314895927906
7,0.03459295304492116
8,0.034486894961446524
9,0.03420633403584361
10,0.03852809499949217
11,0.03046692395582795
12,0.030487131793051958
13,0.031043886672705412
14,0.03290244797244668
15,0.03257066011428833
16,0.03309260215610266
17,0.03371686302125454
18,0.032175668980926275
19,0.03220502007752657
20,0.031384964007884264
21,0.032423818949609995
22,0.03236951772123575
23,0.032690747641026974
24,0.04402066394686699
25,0.035204323939979076
26,0.03430731687694788
27,0.03563037235289812
28,0.03945361403748393
29,0.03500448493286967
30,0.05537608079612255
31,0.09569929214194417
32,0.04834673320874572
33,0.03647224418818951
34,0.10964711895212531
35,0.04957926506176591
36,0.03765600686892867
37,0.043581732083112
38,0.034174574073404074
39,0.0579377100802958
40,0.05260472744703293
41,0.03731670789420605
42,0.035424747969955206
43,0.036133467219769955
44,0.036435173358768225
45,0.04812738532200456
46,0.06448038201779127
47,0.03718544729053974
48,0.03308249777182937
49,0.0512553583830595
50,0.03755036322399974
51,0.10474035469815135
52,0.09043925115838647
53,0.07472988171502948
54,0.06583895487710834
55,0.03443751810118556
56,0.057279108092188835
57,0.06974904891103506
58,0.034731056075543165
59,0.036947812885046005
60,0.03782032197341323
61,0.03537193313241005
62,0.03669686010107398
63,0.03508308809250593
64,0.03527371911332011
