Index, run_time
0,0.0374218518845737
1,0.030322850216180086
2,0.030969017185270786
3,0.031154131051152945
4,0.040901415050029755
