Index, run_time
0,0.04574055364355445
1,0.03862944291904569
2,0.04421441815793514
3,0.032302585896104574
4,0.03354750666767359
