Index, run_time
0,0.01587774883955717
1,0.008049151860177517
2,0.007764071691781282
3,0.0075915600173175335
4,0.007454459089785814
