Index, run_time
0,0.3562544994056225
1,0.267407501116395
2,0.197582034394145
3,0.08875884301960468
4,0.19582407921552658
