Index, run_time
0,0.010902266949415207
1,0.008096560835838318
2,0.00803135521709919
3,0.007643183693289757
4,0.00756225548684597
