Index, run_time
0,0.014168800786137581
1,0.008120240643620491
2,0.010364551097154617
3,0.007854640483856201
4,0.007856570184230804
