Index, run_time
0,0.008935410529375076
1,0.008308686316013336
2,0.009162969887256622
3,0.009085996076464653
4,0.007947824895381927
