Index, run_time
0,0.023680053651332855
1,0.008244916796684265
2,0.03379641845822334
3,0.0350518561899662
4,0.024542225524783134
