Index, run_time
0,0.14732623659074306
1,0.06406011991202831
2,0.051406459882855415
3,0.06203100271522999
4,0.21996515430510044
