Index, run_time
0,0.1060316301882267
1,0.06388034671545029
2,0.047243908047676086
3,0.059599876403808594
4,0.15176024101674557
