Index, run_time
0,0.009724816307425499
1,0.023241186514496803
2,0.010180193930864334
3,0.022501066327095032
4,0.007857318967580795
