Index, run_time
0,0.012695185840129852
1,0.009063100442290306
2,0.01798185519874096
3,0.03134404681622982
4,0.02406332641839981
