Index, run_time
0,0.008483627811074257
1,0.00968223437666893
2,0.012237012386322021
3,0.011906903237104416
4,0.008103465661406517
