Index, run_time
0,0.05066331662237644
1,0.0795520693063736
2,0.03523513115942478
3,0.03339423984289169
4,0.020884085446596146
