Index, run_time
0,0.008602002635598183
1,0.009254304692149162
2,0.027352992445230484
3,0.0175232645124197
4,0.011554945260286331
