Index, run_time
0,0.0071126967668533325
1,0.011250307783484459
2,0.007727811112999916
3,0.006743274629116058
4,0.014435948804020882
