Index, run_time
0,0.2082776352763176
1,0.5916172470897436
2,0.8866765070706606
3,0.27893490716814995
4,0.429314436390996
