Index, run_time
0,0.007644230499863625
1,0.006614107638597488
2,0.013970360159873962
3,0.012706039473414421
4,0.007005048915743828
