Index, run_time
0,0.20614842884242535
1,0.2774304822087288
2,0.737558875232935
3,0.5173235330730677
4,0.5738091915845871
