Index, run_time
0,0.007483640685677528
1,0.007905436679720879
2,0.007725875824689865
3,0.007697565481066704
4,0.06446102820336819
