Index, run_time
0,904.7329579265788
1,59.742518397048116
2,22.88768230518326
3,22.115194462705404
4,24.282294529955834
5,20.612957932054996
