Index, run_time
0,0.30480056814849377
1,0.23519090935587883
2,0.2911640089005232
3,0.21332784369587898
4,0.15940642543137074
