Index, run_time
0,0.007391771301627159
1,0.00690820999443531
2,0.007391775026917458
3,0.0068409014493227005
4,0.006773659959435463
