Index, run_time
0,0.006985751911997795
1,0.007704032585024834
2,0.007514255121350288
3,0.007296836003661156
4,0.006609700620174408
