Index, run_time
0,0.2810761798173189
1,0.2709910571575165
2,0.276048569008708
3,0.18359795585274696
4,0.13701973669230938
