Index, run_time
0,0.007378419861197472
1,0.007506523281335831
2,0.0075944289565086365
3,0.0076031144708395
4,0.014231113716959953
