Index, run_time
0,0.4837820027023554
1,0.23040013015270233
2,0.40285168401896954
3,0.36304296366870403
4,0.3321591466665268
