Index, run_time
1,39.109248232096434
2,74.89998936094344
3,76.52722093462944
4,69.9953305311501
