Index, run_time
0,0.5665591489523649
1,0.25356858130544424
2,0.2602235833182931
