Index, run_time
0,0.0075966063886880875
1,0.0221122270449996
2,0.01709352619946003
