Index, run_time
0,0.5580393122509122
1,0.33735837042331696
2,0.281934205442667
