Index, run_time
0,0.8986487574875355
1,0.3279009237885475
2,0.20324642583727837
3,0.22762390598654747
4,0.25109453313052654
