Index, run_time
0,0.041422028094530106
1,0.008813351392745972
2,0.00865657813847065
3,0.00851658545434475
4,0.008683944121003151
