Index, run_time
0,71.31221694685519
1,143.75436888821423
2,213.20790760964155
3,223.27380225807428
4,211.40596841834486
5,196.54876990616322
