Index, run_time
0,249.03513832762837
1,37.31929839029908
2,55.99723234586418
3,49.48722273670137
4,70.9374124109745
5,37.859813107177615
