Index, run_time
0,863.6258263513446
1,237.7555194478482
2,159.3532933741808
3,1665.1615263987333
4,1602.5796712432057
5,1596.2633189093322
