Index, run_time
0,22876.741888841614
1,17532.117435399443
2,13480.72501045838
3,21212.562691522762
4,20594.12637026608
5,22431.060387806967
