Index, run_time
1,8.220241911709309
2,6.396429726853967
3,6.422070939093828
4,9.840262927114964
5,6.458271827548742
