Index, run_time
1,16.659361477941275
2,19.668534291908145
3,19.66663608327508
4,39.547554198652506
5,23.923690643161535
