Index, run_time
0,0.009588245302438736
1,0.013144096359610558
2,0.006860842928290367
3,0.006884325295686722
4,0.006872149184346199
