Index, run_time
0,1.3438264280557632
1,1.3448457587510347
2,1.314006082713604
3,1.2237042337656021
4,1.3480493649840355
