Index, run_time
0,1.5304251201450825
1,1.4462186712771654
2,1.3469448368996382
3,1.2961338553577662
4,1.1552203129976988
