Index, run_time
0,0.008198292925953865
1,0.007571302354335785
2,0.007422363385558128
3,0.007496844977140427
4,0.007379081100225449
