Index, run_time
0,0.015036890283226967
1,0.008880527690052986
2,0.008717875927686691
3,0.008809864521026611
4,0.008717628195881844
