Index, run_time
0,0.017020894214510918
1,0.008066227659583092
2,0.008101217448711395
3,0.007924417033791542
4,0.007901664823293686
