Index, run_time
0,0.06832901202142239
1,0.1737980917096138
2,0.1165523212403059
3,0.20548740774393082
4,0.12952332384884357
