Index, run_time
1,9.104112600907683
2,8.839194647967815
3,10.650843227282166
4,9.158428138121963
5,10.677758796140552
