Index, run_time
1,34.664194809272885
2,47.6450381539762
3,74.58009525574744
4,69.27679106779397
