Index, run_time
1,45.70200785808265
2,43.16898908652365
3,52.27451029792428
4,48.06888141669333
