Index, run_time
0,0.012050513178110123
1,0.008286483585834503
2,0.008120652288198471
3,0.008130740374326706
4,0.008073030039668083
5,0.008050292730331421
6,0.00804671086370945
7,0.007998673245310783
8,0.007982684299349785
9,0.00796995498239994
