Index, run_time
0,0.03644477762281895
1,0.04086255095899105
2,0.03424595668911934
3,0.15087798424065113
4,0.03227058798074722
5,0.033379996195435524
6,0.02793077751994133
7,0.028634577989578247
8,0.028079906478524208
9,0.028783166781067848
