Index, run_time
0,662.3779904833063
1,567.9655101466924
2,586.6989736007527
3,620.7559523610398
4,511.37846668995917
