Index, run_time
0,0.009636225178837776
1,0.010176576673984528
2,0.00857333093881607
3,0.011012634262442589
4,0.007981805130839348
