Index, run_time
1,551.7890337537974
2,627.1961411107332
3,700.088289141655
4,756.5220225602388
5,851.205117167905
