Index, run_time
1,443.02315850555897
2,412.51116805523634
3,407.8138217981905
4,407.32414395175874
5,382.9211820550263
