Index, run_time
0,21.048864161595702
1,42.787426544353366
2,55.080587392672896
3,210.6282256040722
4,126.9729920476675
