Index, run_time
0,46.76317493803799
1,35.12745451927185
2,29.90086045116186
3,33.91926212050021
4,34.38623440824449
