Index, run_time
0,384.8727815989405
1,518.9987209755927
2,1116.9513157755136
3,1263.1232245210558
4,1404.348884863779
5,1138.2454740498215
