Index, run_time
0,61.163235979154706
1,9.777606973424554
2,11.537037348374724
3,12.051801616325974
4,15.81717562302947
5,12.430075339972973
