Index, run_time
0,307.3607251262292
1,24.040434332098812
2,9.620490051340312
3,11.064108888152987
4,9.419804607052356
5,9.481232217978686
