Index, run_time
0,41.509885548148304
1,10.388969007879496
2,10.743251585867256
3,11.307413147296757
4,11.30208883015439
5,12.041044192854315
