Index, run_time
0,18074.911017343402
1,17392.586780257523
2,20662.85545417294
3,22075.561449708417
4,13401.974911333993
5,15794.941299587488
