Index, run_time
0,853.0748959947377
1,146.53548184782267
2,145.8000802155584
3,148.30731825158
4,104.2690119985491
5,106.17262319661677
