Index, run_time
0,0.013243962079286575
1,0.01310170628130436
2,0.008064426481723785
3,0.010009180754423141
4,0.008077723905444145
