Index, run_time
0,0.009687427431344986
1,0.005937838926911354
2,0.029743436723947525
3,0.017967257648706436
4,0.02058519795536995
