Index, run_time
0,0.0300491563975811
1,0.028499383479356766
2,0.04267142899334431
3,0.03309350460767746
4,0.05267949588596821
