Index, run_time
0,0.016174152493476868
1,0.007991854101419449
2,0.007582798600196838
3,0.014184104278683662
4,0.008078327402472496
