Index, run_time
0,712.8027173890732
1,520.7743986919522
2,298.8516092412174
3,371.25698256865144
4,250.12662254832685
