Index, run_time
0,60.96632030559704
1,49.01160214282572
2,51.817518709693104
3,56.819216324947774
4,45.23284568218514
