Index, run_time
0,0.01953049562871456
1,0.0552678219974041
2,0.07263112626969814
3,0.03679834306240082
4,0.034795256331562996
