Index, run_time
0,0.0087348110973835
1,0.007708553224802017
2,0.007201893255114555
3,0.010617563501000404
4,0.0071109589189291
