Index, run_time
0,0.1475527472794056
1,0.14850008860230446
2,0.06503393687307835
3,0.04685203917324543
4,0.050084520131349564
