Index, run_time
0,0.009815556928515434
1,0.01254928857088089
2,0.07276299223303795
3,0.07931364700198174
4,0.09550625085830688
