Index, run_time
0,0.010347956791520119
1,0.012312425300478935
2,0.01088639348745346
3,0.004742184653878212
4,0.005900150164961815
