Index, run_time
0,0.00850287638604641
1,0.007921064272522926
2,0.0072252508252859116
3,0.007120724767446518
4,0.0070211924612522125
