Index, run_time
0,0.00866696797311306
1,0.009465258568525314
2,0.09491812810301781
3,0.008271083235740662
4,0.00842202641069889
