Index, run_time
0,0.034351397305727005
1,0.03402128256857395
2,0.04793011583387852
3,0.005891261622309685
4,0.032619770616292953
