Index, run_time
0,0.010805351659655571
1,0.007850930094718933
2,0.007280897349119186
3,0.010478867217898369
4,0.023514196276664734
