Index, run_time
0,0.029333753511309624
1,0.008096344769001007
2,0.01016000285744667
3,0.008005402982234955
4,0.011242222040891647
