Index, run_time
0,0.00816376693546772
1,0.008215613663196564
2,0.007950317114591599
3,0.007795345038175583
4,0.008026538416743279
