Index, run_time
0,0.015114633366465569
1,0.007938811555504799
2,0.00843755155801773
3,0.008147992193698883
4,0.008522987365722656
