Index, run_time
0,0.1923888362944126
1,0.4309847354888916
2,0.13863196596503258
3,0.17269395478069782
4,0.14280894584953785
