Index, run_time
0,0.30614960566163063
1,0.07819520309567451
2,0.06173565983772278
3,0.10414344072341919
4,0.29690616205334663
