Index, run_time
0,0.0081184022128582
1,0.008064698427915573
2,0.008140584453940392
3,0.008015260100364685
4,0.008261427283287048
