Index, run_time
0,1637.4299077633768
1,374.6198263578117
2,414.7615210581571
3,332.52882490865886
4,299.89586865343153
5,301.5369462184608
