Index, run_time
0,0.6764087248593569
1,0.3254002556204796
2,0.23205647431313992
3,0.27190536074340343
4,0.46913077495992184
