Index, run_time
0,0.0091541837900877
1,0.008783206343650818
2,0.008664293214678764
3,0.008779337629675865
4,0.008745100349187851
