Index, run_time
0,0.11149571277201176
1,0.03528513200581074
2,0.10460573807358742
3,0.09999478980898857
4,0.0576306227594614
