Index, run_time
0,0.013438979163765907
1,0.007997402921319008
2,0.008132940158247948
3,0.04709300957620144
4,0.008340524509549141
