Index, run_time
0,0.00845050998032093
1,0.01786324568092823
2,0.014891279861330986
3,0.008176008239388466
4,0.008328631520271301
