Index, run_time
0,0.16424286924302578
1,0.09488117136061192
2,0.0718533955514431
3,0.06299388967454433
4,0.12250524014234543
