Index, run_time
0,0.02950197272002697
1,0.008282434195280075
2,0.008260168135166168
3,0.008430736139416695
4,0.008096138015389442
