Index, run_time
0,0.13613926246762276
1,0.15184663236141205
2,0.11082343757152557
3,0.1410270817577839
4,0.16336200013756752
