Index, run_time
0,0.008387402165681124
1,0.008681420236825943
2,0.008694460149854422
3,0.007700121961534023
4,0.008168770000338554
