Index, run_time
0,0.037092665676027536
1,0.03432832099497318
2,0.030723756179213524
3,0.031096255406737328
4,0.031122103799134493
