Index, run_time
0,0.010874181985855103
1,0.0072897630743682384
2,0.00710521312430501
3,0.007703394163399935
4,0.00699958298355341
