Index, run_time
0,0.03986179921776056
1,0.03730596927925944
2,0.03722130507230759
3,0.041556641925126314
4,0.03264434868469834
