Index, run_time
0,27.812745351344347
1,5.460662953555584
2,7.164371367543936
3,4.57256324775517
4,4.657201899215579
5,5.2550510335713625
