Index, run_time
0,0.455492677167058
1,0.1589244194328785
2,0.23613863438367844
3,0.1785690002143383
4,0.28421302884817123
