Index, run_time
0,13.042820089962333
1,0.7616544649936259
2,0.7899090759456158
3,0.7881442429497838
4,0.771873879712075
5,0.6033149897120893
