Index, run_time
0,1535.1792360637337
1,310.6163545232266
2,489.6562507804483
3,242.73073579743505
4,216.30734874680638
5,307.29475368000567
