Index, run_time
0,0.01575915329158306
1,0.021643323823809624
2,0.010268406942486763
3,0.02644985169172287
4,0.018854880705475807
