Index, run_time
0,0.037542060017585754
1,0.03550592064857483
2,0.024052446708083153
3,0.03841205686330795
4,0.01495966874063015
