Index, run_time
0,1.5061832256615162
1,1.4705032911151648
2,1.3579466342926025
3,1.274274354800582
4,1.3063932247459888
