Index, run_time
0,1.5123438201844692
1,1.475081104785204
2,1.5283687878400087
3,1.3704685010015965
4,1.4242927841842175
