Index, run_time
0,0.007648434489965439
1,0.007283231243491173
2,0.007225217297673225
3,0.007289169356226921
4,0.007350897416472435
