Index, run_time
0,0.00829075463116169
1,0.007916208356618881
2,0.00801708921790123
3,0.007650153711438179
4,0.007264230400323868
