Index, run_time
0,0.007973207160830498
1,0.007583359256386757
2,0.007627593353390694
3,0.007490711286664009
4,0.007463691756129265
