Index, run_time
0,1.743638027459383
1,1.6629600692540407
2,1.5899991691112518
3,1.680749736726284
4,1.4730773158371449
