Index, run_time
0,1.5098856687545776
1,1.0656769387423992
2,1.1158067006617785
3,1.126407664269209
4,1.0950237549841404
