Index, run_time
0,0.6743050385266542
1,0.27306381054222584
2,0.20040510594844818
3,0.13397248089313507
4,0.15927356109023094
