Index, run_time
0,0.0073920730501413345
1,0.00752839632332325
2,0.007327444851398468
3,0.007201444357633591
4,0.006874464452266693
