Index, run_time
0,0.7656257972121239
1,0.14361288771033287
2,0.19386313296854496
3,0.14274773374199867
4,0.17116728983819485
