Index, run_time
0,0.03888797014951706
1,0.007759300991892815
2,0.0073763784021139145
3,0.007622271776199341
4,0.007449246942996979
