Index, run_time
0,0.008449679240584373
1,0.007946239784359932
2,0.007273145020008087
3,0.007756480947136879
4,0.01232159323990345
