Index, run_time
0,0.04706512577831745
1,0.04747689142823219
2,0.0348817054182291
3,0.03819122537970543
4,0.03557996824383736
