Index, run_time
0,0.018717147409915924
1,0.008139686658978462
2,0.009150583297014236
3,0.007627328857779503
4,0.007616326212882996
