Index, run_time
0,0.009541623294353485
1,0.010683035477995872
2,0.007411152124404907
3,0.0072890594601631165
4,0.007296735420823097
