Index, run_time
0,0.00843915343284607
1,0.007959695532917976
2,0.008243272081017494
3,0.008155874907970428
4,0.010702388361096382
