Index, run_time
0,0.0160660520195961
1,0.024391911923885345
2,0.02254815772175789
3,0.021651163697242737
4,0.020756062120199203
