Index, run_time
0,60.38585248403251
1,14.49643587321043
2,13.913739182054996
3,14.265056209638715
4,15.243422424420714
5,15.959989856928587
