Index, run_time
0,135.71692571789026
1,21.74308247305453
2,23.516508646309376
3,23.980947336182
4,24.404396256431937
5,20.51382559351623
