Index, run_time
0,0.01651846431195736
1,0.011422938667237759
2,0.02266892045736313
3,0.02729291096329689
4,0.009945057332515717
5,0.0164799178019166
6,0.011467235162854195
7,0.02642227243632078
8,0.04867842886596918
9,0.006883701309561729
10,0.022389352321624756
11,0.025532042607665062
12,0.006655827164649963
13,0.013017453253269196
14,0.02217576652765274
