Index, run_time
0,0.04685177933424711
1,0.10101249348372221
2,0.05118823517113924
3,0.027739481069147587
4,0.0452764006331563
5,0.029384215362370014
6,0.028456002473831177
7,0.03259153012186289
8,0.02821060921996832
9,0.01668791100382805
10,0.08477219752967358
11,0.042711688205599785
12,0.046755366027355194
13,0.025805524550378323
14,0.019037611782550812
