Index, run_time
0,0.010940643027424812
1,0.01429019495844841
2,0.008980656042695045
3,0.009802941232919693
4,0.013144532218575478
5,0.006771133281290531
6,0.023531973361968994
7,0.02395622432231903
8,0.012544195167720318
9,0.006825421936810017
10,0.006379211321473122
11,0.025130375288426876
12,0.01550925150513649
13,0.007362706586718559
14,0.015276563353836536
