Index, run_time
0,0.028144637122750282
1,0.048382468521595
2,0.04546855017542839
3,0.02692114096134901
4,0.049559151753783226
5,0.03256946802139282
6,0.032117146998643875
7,0.03559357579797506
8,0.029836714267730713
9,0.016000568866729736
10,0.057274688966572285
11,0.038080036640167236
12,0.042016676627099514
13,0.023790092207491398
14,0.017361138947308064
