Index, run_time
0,0.008247442543506622
1,0.00927424430847168
2,0.027569707483053207
3,0.02446591015905142
4,0.0070081595331430435
5,0.006481565535068512
6,0.025376045145094395
7,0.024479838088154793
8,0.006334811449050903
9,0.013106516562402248
10,0.014366026036441326
11,0.020967228338122368
12,0.007725565694272518
13,0.013180732727050781
14,0.01116370689123869
