Index, run_time
0,0.006739247590303421
1,0.014577926136553288
2,0.021685211919248104
3,0.006654762662947178
4,0.006249522790312767
5,0.0261011254042387
6,0.019950954243540764
7,0.006468102335929871
8,0.006246117874979973
9,0.02004064992070198
10,0.023413018323481083
11,0.007048512808978558
12,0.014236056245863438
13,0.013472288846969604
14,0.013560735620558262
