Index, run_time
0,0.041918275877833366
1,0.03674490377306938
2,0.03695501573383808
3,0.03720875456929207
4,0.04320813529193401
