Index, run_time
0,0.009006612002849579
1,0.00758933462202549
2,0.007371729239821434
3,0.007259516045451164
4,0.007134862244129181
