Index, run_time
0,0.04339965805411339
1,0.0638467613607645
2,0.06328455731272697
3,0.038412949070334435
4,0.0408569760620594
