Index, run_time
0,0.008928468450903893
1,0.00830843485891819
2,0.0075925663113594055
3,0.0073947422206401825
4,0.007074359804391861
