Index, run_time
0,0.008602868765592575
1,0.008410472422838211
2,0.007575986906886101
3,0.007300736382603645
4,0.007337065413594246
