Index, run_time
0,0.049533069133758545
1,0.03756895288825035
2,0.037195371463894844
3,0.03751480579376221
4,0.03942231833934784
