Index, run_time
0,15.029400460422039
1,16.719754301011562
2,21.267826775088906
3,26.435133753344417
4,34.477903136983514
5,51.66197773627937
