Index, run_time
0,33.109199387952685
1,6.275775166228414
2,6.829331506043673
3,9.328904423862696
4,8.299835935235023
5,10.657108668237925
