Index, run_time
0,0.006616819649934769
1,0.00684734433889389
2,0.01642512157559395
3,0.007170358672738075
4,0.006751785054802895
