Index, run_time
0,0.0075101349502801895
1,0.019068213179707527
2,0.008477183058857918
3,0.006738374009728432
4,0.006602797657251358
