Index, run_time
0,0.2191976197063923
1,0.429708119481802
2,0.23171638883650303
3,0.4913262575864792
4,0.22451501339673996
