Index, run_time
0,0.18005115911364555
1,0.4623451568186283
2,0.2016241569072008
3,0.08571121655404568
4,0.17057770304381847
