Index, run_time
0,0.17386733926832676
1,1.1306768786162138
2,0.17836839891970158
3,0.09478752315044403
4,0.14637240767478943
