Index, run_time
0,0.17682575434446335
1,0.7919465191662312
2,0.3698535691946745
3,0.11165837943553925
4,0.22920366376638412
