Index, run_time
0,0.0072798896580934525
1,0.043121783062815666
2,0.014380553737282753
3,0.027709471061825752
4,0.007808228954672813
