Index, run_time
0,0.3083475772291422
1,0.1594105288386345
2,0.16244212538003922
3,0.2903792951256037
4,0.23916674219071865
