Index, run_time
0,0.016070762649178505
1,0.007277533411979675
2,0.007508859038352966
3,0.007203841581940651
4,0.012931084260344505
