Index, run_time
0,0.2755348403006792
1,0.2830035835504532
2,0.19161816127598286
3,0.20890973508358002
4,0.25911662355065346
