Index, run_time
0,0.012660985812544823
1,0.007490823045372963
2,0.007559213787317276
3,0.020499123260378838
4,0.009207488968968391
