Index, run_time
0,0.20438929088413715
1,0.16770397312939167
2,0.14426875859498978
3,0.17323756404221058
4,0.4267726391553879
