Index, run_time
0,0.22620612010359764
1,0.3668827321380377
2,0.3253038842231035
3,0.09580905921757221
4,0.2595911733806133
