Index, run_time
0,0.007655909284949303
1,0.007539037615060806
2,0.0075224824249744415
3,0.0073601845651865005
4,0.007410198450088501
