Index, run_time
0,0.0156803447753191
1,0.0074875447899103165
2,0.009357502683997154
3,0.011585701256990433
4,0.016217300668358803
