Index, run_time
0,0.44912721775472164
1,0.661135770380497
2,0.40859631821513176
3,0.17072376795113087
4,0.2839930672198534
