Index, run_time
0,0.23744254559278488
1,0.18722142837941647
2,0.2412623120471835
