Index, run_time
0,0.016165071167051792
1,0.02502138912677765
2,0.024979766458272934
