Index, run_time
0,0.03945716191083193
1,0.014855553396046162
2,0.008068866096436977
