Index, run_time
0,0.19753176346421242
1,0.19432728923857212
2,0.28615311346948147
