Index, run_time
0,0.23726119007915258
1,0.15857980027794838
2,0.18315473292022943
