Index, run_time
0,0.1473293686285615
1,0.2600354654714465
2,0.17658700235188007
