Index, run_time
0,0.007621601223945618
1,0.013875684700906277
2,0.016319927759468555
