Index, run_time
0,0.014611836522817612
1,0.007545526139438152
2,0.013018456287682056
