Index, run_time
0,0.40355742536485195
1,0.2034574868157506
2,0.24615404196083546
