Index, run_time
0,0.021643254905939102
1,0.01303076185286045
2,0.012220923788845539
