Index, run_time
0,0.2028309404850006
1,0.3504925277084112
2,0.24010325502604246
