Index, run_time
0,0.01424781046807766
1,0.008116116747260094
2,0.012109799310564995
