Index, run_time
0,0.08402804471552372
1,0.055316291749477386
2,0.07431813701987267
3,0.11291676573455334
4,0.1443930845707655
