Index, run_time
0,0.9327753912657499
1,0.09354006499052048
2,0.0968452487140894
3,0.16718698479235172
4,0.13981282338500023
