Index, run_time
0,0.012854084372520447
1,0.00863993912935257
2,0.011040858924388885
3,0.008742546662688255
4,0.0095291119068861
