Index, run_time
0,0.008730005472898483
1,0.008032375946640968
2,0.007801393046975136
3,0.008009156212210655
4,0.008046096190810204
