Index, run_time
0,0.10701981745660305
1,0.17315252125263214
2,0.3021864462643862
3,0.3043768033385277
4,0.11423562280833721
