Index, run_time
0,0.007671760395169258
1,0.0069839973002672195
2,0.007109742611646652
3,0.006949823349714279
4,0.013128772377967834
