Index, run_time
0,0.007016036659479141
1,0.006848100572824478
2,0.006770363077521324
3,0.006808493286371231
4,0.0068228598684072495
