Index, run_time
0,1.2082346305251122
1,0.899780036881566
2,0.9231605567038059
3,0.9144873600453138
4,0.9153075572103262
