Index, run_time
0,1.5426655150949955
1,1.4319021869450808
2,1.4161758963018656
3,1.397836422547698
4,1.4047184325754642
