Index, run_time
0,0.0181327722966671
1,0.007903363555669785
2,0.00790817104279995
3,0.007851239293813705
4,0.008093023672699928
