Index, run_time
0,0.008510341867804527
1,0.008019087836146355
2,0.007838860154151917
3,0.007746260613203049
4,0.008193319663405418
