Index, run_time
0,0.02314063534140587
1,0.014729902148246765
2,0.0574306845664978
3,0.015972774475812912
4,0.03955521434545517
