Index, run_time
0,0.009660951793193817
1,0.008557464927434921
2,0.008477134630084038
3,0.008337514474987984
4,0.007933396846055984
