Index, run_time
0,0.0648659560829401
1,0.029243160039186478
2,0.045956801623106
3,0.04902338236570358
4,0.039280353114008904
