Index, run_time
0,0.19727028999477625
1,0.19050928112119436
