Index, run_time
0,0.22001736890524626
1,0.2752275615930557
