Index, run_time
0,0.17005948722362518
1,0.17912445589900017
