Index, run_time
0,0.022267277352511883
1,0.02393494825810194
