Index, run_time
0,0.012133343145251274
1,0.014630025252699852
