Index, run_time
0,57.334113700315356
1,17.55123662762344
2,12.563373992219567
3,13.319366024807096
4,12.632512355223298
5,12.73955624550581
