Index, run_time
0,126.15024478547275
1,20.312205869704485
2,21.18319385126233
3,27.008608980104327
4,27.1822003852576
5,21.633998706936836
