Index, run_time
0,0.03974647168070078
1,0.03641771012917161
2,0.034207035787403584
3,0.03375407820567489
4,0.034466525074094534
