Index, run_time
0,0.09154064115136862
1,0.09340284671634436
2,0.09163848776370287
3,0.07863600738346577
4,0.056743268854916096
