Index, run_time
0,0.013337746262550354
1,0.009569291025400162
2,0.054493555799126625
3,0.010876903310418129
4,0.007634924724698067
