Index, run_time
0,0.009351104497909546
1,0.009165853261947632
2,0.008344491943717003
3,0.008043864741921425
4,0.007734635844826698
