Index, run_time
0,0.02789883501827717
1,0.012205226346850395
2,0.04053482413291931
3,0.02049456723034382
4,0.009876677766442299
