Index, run_time
0,0.015516955405473709
1,0.007854204624891281
2,0.013621537014842033
3,0.008703380823135376
4,0.012194119393825531
