Index, run_time
0,0.03118801210075617
1,0.012575098313391209
