Index, run_time
0,0.1742477100342512
1,0.16391310933977365
