Index, run_time
0,0.014393804594874382
1,0.012054530903697014
2,0.018235464580357075
