Index, run_time
0,0.271487845107913
1,0.26674878876656294
2,0.25723167322576046
