Index, run_time
0,0.013468373566865921
1,0.024445723742246628
2,0.03732718154788017
