Index, run_time
0,0.013213912956416607
1,0.011366614140570164
