Index, run_time
0,0.08902221359312534
1,0.06051920633763075
2,0.016065562143921852
