Index, run_time
0,0.03355493489652872
1,0.03208875562995672
