Index, run_time
0,0.1341243740171194
1,0.372820109128952
