Index, run_time
0,0.026544037275016308
1,0.03601666446775198
