Index, run_time
0,0.17333255801349878
1,0.4762230422347784
