Index, run_time
0,0.12245850916951895
1,0.32223887369036674
