Index, run_time
0,0.008949327282607555
1,0.010266793891787529
