Index, run_time
0,0.006830018945038319
1,0.007125734351575375
