Index, run_time
0,0.19959434028714895
1,0.21964872535318136
