Index, run_time
0,0.01763907913118601
1,0.014955859631299973
