Index, run_time
0,0.1795896552503109
1,0.46712123323231936
