Index, run_time
0,0.1826402898877859
1,0.5647518681362271
