Index, run_time
0,0.008138061501085758
1,0.007617210038006306
2,0.012999603524804115
