Index, run_time
0,0.1382833793759346
1,0.37940392456948757
