Index, run_time
0,0.14306150656193495
1,0.20568946283310652
