Index, run_time
0,0.01282134372740984
1,0.015860427170991898
