Index, run_time
0,0.15800081379711628
1,0.4851231323555112
