Index, run_time
0,0.1351231848821044
1,0.315264655277133
