Index, run_time
0,0.007071687839925289
1,0.013240590691566467
