Index, run_time
0,0.0231369873508811
1,0.0167147321626544
