Index, run_time
0,0.21747323404997587
1,0.27151957247406244
