Index, run_time
0,0.009831313975155354
1,0.022201180458068848
