Index, run_time
0,0.006429967470467091
1,0.012776190415024757
2,0.023926489986479282
3,0.010736178606748581
4,0.008214536122977734
5,0.006411314941942692
6,0.01379902008920908
7,0.013379707932472229
8,0.014108425006270409
9,0.01627927180379629
10,0.007065238431096077
11,0.006809072569012642
12,0.014058535918593407
13,0.014303736388683319
14,0.014601326547563076
