Index, run_time
0,0.02372279018163681
1,0.009006810374557972
2,0.01836931984871626
3,0.025827571749687195
4,0.023083790205419064
5,0.022507939487695694
6,0.008248348720371723
7,0.015263081528246403
8,0.030799577943980694
9,0.031012479215860367
10,0.03036716766655445
11,0.006502537988126278
12,0.013465512543916702
13,0.024604625068604946
14,0.03779434319585562
