Index, run_time
0,0.02603390719741583
1,0.10256632044911385
2,0.04096372425556183
3,0.029029752127826214
4,0.03405878506600857
5,0.02257093694061041
6,0.040516496635973454
7,0.01660886500030756
8,0.05698223412036896
9,0.03529676888138056
10,0.0361411040648818
11,0.053907735273242
12,0.046228731982409954
13,0.07666562311351299
14,0.05132140684872866
