Index, run_time
0,0.025914600118994713
1,0.04812841583043337
2,0.03258576896041632
3,0.023888682946562767
4,0.019450437277555466
5,0.018636447377502918
6,0.03338951151818037
7,0.013947569765150547
8,0.041611130349338055
9,0.022656172513961792
10,0.02924255095422268
11,0.043553633615374565
12,0.04063226189464331
13,0.0456648338586092
14,0.03458758816123009
