Index, run_time
0,0.013776307925581932
1,0.026776458136737347
2,0.016805759631097317
3,0.013744834810495377
4,0.01124508585780859
5,0.014539013616740704
6,0.014651225879788399
7,0.014189626090228558
8,0.013547220267355442
9,0.008710511028766632
10,0.013388416729867458
11,0.025469436310231686
12,0.006712386384606361
13,0.02515742089599371
14,0.016811393201351166
