Index, run_time
0,0.03362263273447752
1,0.06545814871788025
2,0.03729922790080309
3,0.025838169269263744
4,0.020950823090970516
5,0.020241291262209415
6,0.03656664490699768
7,0.015612611547112465
8,0.04809365700930357
9,0.01880316250026226
10,0.030605691485106945
11,0.052678853273391724
12,0.04156812373548746
13,0.052702074870467186
14,0.04053122643381357
