Index, run_time
0,0.013521708548069
1,0.014099613763391972
2,0.020585279911756516
3,0.007556558586657047
4,0.007025948725640774
5,0.013763555325567722
6,0.025857585482299328
7,0.018142368644475937
8,0.006536870263516903
9,0.013312027789652348
10,0.023648850619792938
11,0.0149238221347332
12,0.014533271081745625
13,0.006758637726306915
14,0.016472849063575268
