Index, run_time
0,0.007197177968919277
1,0.011668398045003414
2,0.00784918013960123
3,0.02010903600603342
4,0.017913063056766987
5,0.03143071290105581
6,0.007468755356967449
7,0.009820088744163513
8,0.0077384281903505325
9,0.006657429039478302
10,0.006888809613883495
11,0.06683116219937801
12,0.0878625400364399
13,0.06642604619264603
14,0.007576289586722851
