Index, run_time
0,0.024311563931405544
1,0.05038974806666374
2,0.032874006778001785
3,0.020901523530483246
4,0.01661845948547125
5,0.02092941291630268
6,0.030273468233644962
7,0.012940765358507633
8,0.04017377179116011
9,0.015801713801920414
10,0.026342088356614113
11,0.03807600308209658
12,0.12445514462888241
13,0.04246941115707159
14,0.03362598270177841
