Index, run_time
0,0.0403398098424077
1,0.10530016757547855
2,0.0787255298346281
3,0.03903756383806467
4,0.04516782611608505
5,0.03237322345376015
6,0.06587865296751261
7,0.020235814154148102
8,0.04851912148296833
9,0.019076758064329624
10,0.19048746395856142
11,0.2812357107177377
12,0.17796987760812044
13,0.2697482220828533
14,0.04000886622816324
