Index, run_time
0,0.028262760490179062
1,0.04801694769412279
2,0.030089988373219967
3,0.02742352895438671
4,0.020446041598916054
5,0.01856029126793146
6,0.03204012103378773
7,0.014159134589135647
8,0.04124837834388018
9,0.01601117942482233
10,0.02796177752315998
11,0.04151696711778641
12,0.03620962891727686
13,0.04324363637715578
14,0.03463701158761978
