Index, run_time
0,0.0366758331656456
1,0.03527240641415119
2,0.03454306162893772
3,0.041175223886966705
4,0.042139649391174316
