Index, run_time
0,0.014284960925579071
1,0.01221621036529541
2,0.011058429256081581
3,0.008269427344202995
4,0.011540984734892845
