Index, run_time
0,0.08531502820551395
1,0.09892833232879639
2,0.08637539111077785
3,0.07634015381336212
4,0.07189913094043732
