Index, run_time
0,0.08884554728865623
1,0.07459145970642567
2,0.04972975514829159
3,0.0588607843965292
4,0.05397726967930794
