Index, run_time
0,0.008532168343663216
1,0.008039824664592743
2,0.008118947967886925
3,0.015500860288739204
4,0.007843604311347008
