Index, run_time
1,204.91050901589915
2,327.06084033707157
3,442.8365588290617
4,508.06508603086695
