Index, run_time
1,60.09265550458804
2,77.21726783225313
3,67.07550027221441
4,56.55043735913932
