Index, run_time
0,0.010360831394791603
1,0.007522473111748695
2,0.007568033412098885
3,0.007324112579226494
4,0.007428169250488281
0,0.011703308671712875
1,0.007506433874368668
2,0.00807764008641243
3,0.00898810662329197
4,0.007457081228494644
