Index, run_time
0,0.9216809943318367
1,0.8722275886684656
2,0.9385522287338972
3,0.984703253954649
4,1.062285928055644
0,1.1032569222152233
1,0.40705057606101036
2,0.38344353809952736
3,0.6180466208606958
4,0.6536079868674278
