Index, run_time
0,3.1391458865255117
1,11.311875967308879
2,10.30282149463892
3,16.34633351303637
4,19.851890087127686
5,17.340358873829246
