Index, run_time
0,525.8202212709002
1,601.9164993590675
2,112.90042536519468
3,95.00144698889926
4,105.54382971627638
