Index, run_time
0,0.015000099316239357
1,0.007915772497653961
2,0.00792635977268219
3,0.00833669863641262
4,0.008066214621067047
5,0.008142389357089996
6,0.00794968195259571
7,0.00792725570499897
8,0.008313536643981934
9,0.007917165756225586
10,0.007927997037768364
11,0.007895514369010925
12,0.008015478029847145
13,0.008280547335743904
14,0.008121628314256668
15,0.008019819855690002
16,0.008026346564292908
17,0.008731067180633545
18,0.007938940078020096
19,0.007764248177409172
20,0.007845243439078331
21,0.008198358118534088
22,0.007856816053390503
23,0.007802717387676239
24,0.007902584969997406
25,0.007776936516165733
26,0.007883422076702118
27,0.007895877584815025
28,0.007863609120249748
29,0.00804310292005539
0,0.08780722878873348
1,0.008054401725530624
2,0.008206849917769432
3,0.008960699662566185
4,0.008947275578975677
5,0.008079174906015396
6,0.008092565461993217
7,0.00792657770216465
8,0.008474508300423622
9,0.008129164576530457
10,0.008695675060153008
11,0.007996510714292526
12,0.007934149354696274
13,0.008401088416576385
14,0.007886555045843124
15,0.007946982979774475
16,0.007784904912114143
17,0.0083296038210392
18,0.008728675544261932
19,0.007909582927823067
20,0.007838359102606773
21,0.007959434762597084
22,0.0078148003667593
23,0.007722519338130951
24,0.007890058681368828
25,0.008038284257054329
26,0.008024487644433975
27,0.00826161541044712
28,0.007901353761553764
29,0.007585268467664719
