Index, run_time
0,0.008062569424510002
1,0.008065111935138702
2,0.007677385583519936
3,0.008055688813328743
4,0.00782974436879158
