Index, run_time
0,0.3592282384634018
1,0.226797204464674
2,0.23642095923423767
3,0.23794631101191044
4,0.17070705257356167
