Index, run_time
0,0.21610495448112488
1,0.17529593221843243
2,0.20964908227324486
3,0.21820947341620922
4,0.15573626570403576
