Index, run_time
0,0.7397576440125704
1,0.6947880815714598
2,0.7710228692740202
3,0.49165536649525166
4,0.3502714317291975
