Index, run_time
0,0.007324496284127235
1,0.007296908646821976
2,0.0069068558514118195
3,0.0069841258227825165
4,0.006940493360161781
