Index, run_time
0,0.00745796412229538
1,0.007703831419348717
2,0.02066938392817974
3,0.04693993926048279
4,0.03266169689595699
