Index, run_time
0,53.35297850891948
1,6.7357271909713745
2,16.274478957057
3,9.970692943781614
4,8.30891776829958
