Index, run_time
0,4.1519957315176725
1,3.05730683170259
2,2.6322441305965185
3,2.6851669531315565
4,2.2735895961523056
