Index, run_time
1,179.9614319037646
2,157.60977250523865
3,149.79551935568452
4,146.3993408512324
5,138.60551112517715
