Index, run_time
1,292.51602424681187
2,309.28011689707637
3,342.4721861034632
4,336.0047446284443
5,440.5483191050589
