Index, run_time
0,0.3267103526741266
1,0.12024703063070774
2,0.26248407550156116
3,0.15640166774392128
4,0.18792335875332355
