Index, run_time
0,0.008022774010896683
1,0.008246978744864464
2,0.008078914135694504
3,0.00819837860763073
4,0.007952827960252762
