Index, run_time
0,0.13454954326152802
1,0.17026206105947495
2,0.1507687196135521
