Index, run_time
0,0.13364326301962137
1,0.1622772729024291
2,0.15628291945904493
