Index, run_time
0,0.23830625973641872
1,0.2077121390029788
2,0.1877108570188284
