Index, run_time
0,0.007086846977472305
1,0.03328874707221985
2,0.009981624782085419
