Index, run_time
0,0.01295888889580965
1,0.007158762775361538
2,0.013963154517114162
