Index, run_time
0,0.006846686825156212
1,0.020041068084537983
2,0.024561874568462372
