Index, run_time
0,0.014177332632243633
1,0.03502191323786974
2,0.0170667115598917
