Index, run_time
0,0.029026337899267673
1,0.03552611917257309
2,0.025019250810146332
