Index, run_time
0,11.996358343865722
1,0.8501130579970777
2,0.7228957340121269
3,0.8005241360515356
4,0.5361071396619081
5,0.6717191580682993
