Index, run_time
0,1.785459231119603
1,0.5396436508744955
2,0.5624173870310187
3,0.5824503786861897
4,0.6831880421377718
5,0.6414177645929158
