Index, run_time
0,0.08976984210312366
1,0.03044413961470127
2,0.02763533405959606
3,0.013512428849935532
4,0.01035492867231369
5,0.009959530085325241
6,0.009665809571743011
7,0.009351493790745735
8,0.02567349374294281
9,0.009619072079658508
