Index, run_time
0,0.034555232152342796
1,0.033629607409238815
2,0.034170353785157204
3,0.0406404584646225
4,0.04058033041656017
5,0.032933229580521584
6,0.03853096440434456
7,0.04044259712100029
8,0.03222615830600262
9,0.041653335094451904
