Index, run_time
0,0.05734119564294815
1,0.11472241580486298
2,0.11635487340390682
3,0.08608031272888184
4,0.03350065462291241
