Index, run_time
0,0.008463989943265915
1,0.00829995609819889
2,0.008595453575253487
3,0.008192246779799461
4,0.008115623146295547
