Index, run_time
0,0.07875900715589523
1,0.070072241127491
2,0.05585475079715252
3,0.03202296793460846
4,0.034461772069334984
