Index, run_time
0,0.009267652407288551
1,0.00788375735282898
2,0.012503024190664291
3,0.008433740586042404
4,0.008186616003513336
