Index, run_time
0,233.83390614576638
1,38.711703050881624
2,45.21663981117308
3,35.85491777956486
4,49.443460466340184
5,46.7017797678709
