Index, run_time
0,94.33038971014321
1,15.91846127063036
2,13.492089124396443
3,13.276069594547153
4,14.838624155148864
5,15.391932422295213
