Index, run_time
1,59.40003413101658
2,80.14227090962231
3,647.8844471443444
4,568.8194824960083
