Index, run_time
1,196.4654517909512
2,308.2718751821667
3,412.93875598115847
4,513.0724210450426
