Index, run_time
0,0.008028293959796429
1,0.02507761772722006
2,0.009035888127982616
