Index, run_time
0,0.21106296963989735
1,0.22971248626708984
2,0.2005382152274251
