Index, run_time
0,0.31517451349645853
1,0.2812919598072767
2,0.20596653688699007
