Index, run_time
0,0.224748563952744
1,0.3424106212332845
2,0.24634840991348028
