Index, run_time
0,0.021979290060698986
1,0.026333119720220566
2,0.008900715969502926
