Index, run_time
0,0.16890963725745678
1,0.10027401521801949
2,0.023241940885782242
3,0.007678922265768051
4,0.009058751165866852
5,0.0375840999186039
6,0.0372173935174942
7,0.14265497587621212
8,0.10907305590808392
9,0.07320886105298996
10,0.055938515812158585
11,0.07780956663191319
12,0.06128951534628868
13,0.06463705934584141
14,0.07010103017091751
15,0.05998769402503967
16,0.06089714914560318
17,0.06193440221250057
18,0.05412405915558338
19,0.06993144005537033
20,0.06184135749936104
21,0.0634810384362936
22,0.11218591406941414
23,0.08140032179653645
24,0.07617845200002193
25,0.08335845917463303
26,0.07873233407735825
27,0.07490302622318268
28,0.0732443779706955
29,0.07700224034488201
30,0.07709197327494621
31,0.07877258583903313
32,0.08987408690154552
33,0.08144522458314896
34,0.07818561047315598
35,0.052929531782865524
36,0.08751918002963066
37,0.07021712325513363
38,0.08373184688389301
39,0.08491395972669125
40,0.06766721978783607
41,0.08441238291561604
42,0.07215634547173977
43,0.07277584448456764
44,0.0790092945098877
45,0.07497580349445343
46,0.008580045774579048
47,0.005232136696577072
48,0.01757148839533329
49,0.006515191867947578
50,0.005568109452724457
51,0.007501974701881409
52,0.0053434669971466064
53,0.005436176434159279
54,0.006296232342720032
55,0.006549015641212463
56,0.008601199835538864
57,0.004224296659231186
58,0.009877985343337059
59,0.005498010665178299
60,0.005036786198616028
61,0.015600759536027908
62,0.005356816574931145
63,0.007716655731201172
64,0.004998516291379929
