Index, run_time
0,1.6620482504367828
1,1.44758022390306
2,1.3774767965078354
3,1.5446419939398766
4,1.4262653551995754
