Index, run_time
0,0.01359335333108902
1,0.006621081382036209
2,0.006589004769921303
3,0.01322225108742714
4,0.006567256525158882
