Index, run_time
0,0.007521545514464378
1,0.007336992770433426
2,0.007356109097599983
3,0.0073089152574539185
4,0.007282545790076256
