Index, run_time
0,1.6080192923545837
1,1.4794052597135305
2,1.4183078426867723
3,1.5102312248200178
4,1.5503693707287312
