Index, run_time
0,0.06925501115620136
1,0.060229217633605
2,0.06178358383476734
3,0.07737681083381176
4,0.05890953727066517
5,0.05580350011587143
6,0.05943823605775833
7,0.05010341480374336
8,0.030424267053604126
9,0.04954079911112785
10,0.04162394069135189
11,0.041772808879613876
12,0.05019163340330124
13,0.0416871327906847
14,0.04594073444604874
15,0.022624853998422623
16,0.03298687934875488
17,0.07586926035583019
18,0.07619498856365681
19,0.08163156919181347
20,0.06899259984493256
21,0.07084310054779053
22,0.035694794729352
23,0.04580867104232311
24,0.04367750324308872
25,0.03948255069553852
26,0.010326115414500237
27,0.006052825599908829
28,0.004546003416180611
29,0.010737093165516853
30,0.005310758948326111
31,0.005195207893848419
32,0.009505620226264
33,0.004707584157586098
34,0.004819810390472412
35,0.008482452481985092
36,0.004433503374457359
37,0.014706330373883247
38,0.003942882642149925
39,0.004075773060321808
40,0.012105889618396759
41,0.005487525835633278
42,0.004580119624733925
43,0.010805413126945496
44,0.006560184061527252
45,0.005434006452560425
46,0.005711935460567474
47,0.004942078143358231
48,0.005821539089083672
49,0.004943400621414185
50,0.004688385874032974
51,0.004840131849050522
52,0.006090464070439339
53,0.004374999552965164
54,0.006064439192414284
55,0.0050689466297626495
56,0.0047230590134859085
57,0.005516624078154564
58,0.004622947424650192
59,0.008413756266236305
60,0.005877489224076271
61,0.0037181545048952103
62,0.005541941151022911
63,0.006312429904937744
