Index, run_time
0,0.14574945531785488
1,0.4454001858830452
2,0.12012509629130363
3,0.15500153042376041
4,0.24823132529854774
