Index, run_time
0,0.1926291361451149
1,0.2678872663527727
2,0.1167335007339716
3,0.17577716708183289
4,0.2500520646572113
