Index, run_time
0,0.007233196869492531
1,0.007072508335113525
2,0.00707428902387619
3,0.006895704194903374
4,0.007590601220726967
