Index, run_time
0,0.0072004590183496475
1,0.015519281849265099
2,0.00777910090982914
3,0.021309953182935715
4,0.007630631327629089
