Index, run_time
0,0.1916581206023693
1,0.25615856796503067
2,0.11749844625592232
3,0.16143946163356304
4,0.27093846164643764
