Index, run_time
0,0.00696851871907711
1,0.013972010463476181
2,0.007074583321809769
3,0.014598682522773743
4,0.006858959794044495
