Index, run_time
0,53.522215496748686
1,47.736835518851876
2,43.4269437212497
3,52.89329188596457
4,47.348676598630846
