Index, run_time
0,869.0533240456134
1,1368.5893450048752
2,2199.619817736093
3,2827.1338714463636
4,4160.039856298361
