Index, run_time
0,0.010626958683133125
1,0.008041732013225555
2,0.008004287257790565
3,0.008129211142659187
4,0.008827738463878632
