Index, run_time
0,0.8921272046864033
1,0.7483255248516798
2,0.5393518842756748
3,0.46169847063720226
4,0.402298828586936
