Index, run_time
0,0.27532396651804447
1,0.26381004974246025
2,0.12495977431535721
3,0.11046835780143738
4,0.09073564782738686
