Index, run_time
0,0.09624000452458858
1,0.0929676853120327
2,0.26516145281493664
3,0.12213587202131748
4,0.12758139707148075
