Index, run_time
0,0.18748644925653934
1,0.24264096282422543
2,0.19856848381459713
3,0.09796539135277271
4,0.27745007909834385
