Index, run_time
0,0.008625045418739319
1,0.009024085476994514
2,0.008747583255171776
3,0.008741427212953568
4,0.008831596001982689
