Index, run_time
0,0.012689640745520592
1,0.008227426558732986
2,0.013099988922476768
3,0.008226484060287476
4,0.03919832222163677
