Index, run_time
0,0.22763551585376263
1,0.18891342915594578
2,0.08570521697402
3,0.0484931543469429
4,0.12144747748970985
