Index, run_time
0,25.16562417568639
1,18.65652387496084
2,4.193412757944316
3,3.8025099597871304
4,9.455852867104113
