Index, run_time
0,3.485000617802143
1,2.859808628913015
2,2.414394224062562
3,2.5285644652321935
4,2.305393067188561
