Index, run_time
0,0.22323494777083397
1,0.1731809601187706
2,0.26974309235811234
3,0.4935287032276392
4,0.18556449189782143
