Index, run_time
0,0.022723762318491936
1,0.007953561842441559
2,0.00729748047888279
3,0.007150247693061829
4,0.008364470675587654
