Index, run_time
0,0.05275793559849262
1,0.0690137967467308
2,0.06330351531505585
3,0.03651465103030205
4,0.06215302087366581
