Index, run_time
0,0.12554133124649525
1,0.17544930800795555
2,0.09333577565848827
3,0.08973406441509724
4,0.18162134103477
