Index, run_time
0,0.05197769217193127
1,0.08774465136229992
2,0.04045102000236511
3,0.0467382688075304
4,0.04725798964500427
