Index, run_time
0,0.0074810441583395
1,0.00798376277089119
2,0.007953707128763199
3,0.007837118580937386
4,0.007789121940732002
