Index, run_time
0,0.13235468976199627
1,0.1865991521626711
2,0.10248181968927383
3,0.1061654444783926
4,0.17422995157539845
