Index, run_time
0,0.00812319666147232
1,0.0410960428416729
2,0.007907882332801819
3,0.015842197462916374
4,0.007727421820163727
