Index, run_time
0,0.018300196155905724
1,0.008098145946860313
2,0.013379119336605072
3,0.01174868643283844
4,0.010527435690164566
