Index, run_time
0,0.007930850610136986
1,0.008256254717707634
2,0.008224278688430786
3,0.008152289316058159
4,0.00811285711824894
