Index, run_time
0,0.12017432413995266
1,0.3766754921525717
2,0.3191687557846308
3,0.060587167739868164
4,0.25160249695181847
