Index, run_time
0,0.17877318523824215
1,0.1340330708771944
2,0.15903695113956928
3,0.08193924650549889
4,0.18130374513566494
