Index, run_time
0,0.008404996246099472
1,0.009149404242634773
2,0.008140601217746735
3,0.010177437216043472
4,0.008459648117423058
