Index, run_time
0,0.09269201755523682
1,0.49263024516403675
2,0.39537046663463116
3,0.0910399816930294
4,0.2103083785623312
