Index, run_time
0,0.008073188364505768
1,0.01491515152156353
2,0.028589706867933273
3,0.012558255344629288
4,0.009851938113570213
