Index, run_time
0,0.03929515741765499
1,0.15762067399919033
2,0.08403104729950428
3,0.04012497887015343
4,0.11125155165791512
