Index, run_time
0,0.009455319494009018
1,0.008185112848877907
2,0.017634021118283272
3,0.029195480048656464
4,0.007923286408185959
