Index, run_time
0,0.008146168664097786
1,0.008311787620186806
2,0.007956122979521751
3,0.007817262783646584
4,0.0079801045358181
