Index, run_time
0,0.010817324742674828
1,0.008121313527226448
2,0.008163683116436005
3,0.007685774937272072
4,0.007779022678732872
