Index, run_time
0,0.039995720610022545
1,0.27062768675386906
2,0.07452981919050217
3,0.07169921696186066
4,0.03938174434006214
