Index, run_time
0,0.009255015756934881
1,0.008085256908088923
2,0.007707858923822641
3,0.007555314339697361
4,0.007573348004370928
